S No.,Tag,URL,Names,title,Year
0,Joe List: I Hate Myself (2020) – Transcript,https://scrapsfromtheloft.com/2021/04/18/joe-list-i-hate-myself-transcript/,Joe List,Joe List: I Hate Myself ,2020.0
1,Nate Bargatze: The Greatest Average American (2021) – Transcript,https://scrapsfromtheloft.com/2021/03/27/nate-bargatze-greatest-average-american-transcript/,Nate Bargatze,Nate Bargatze: The Greatest Average American ,2021.0
2,Brian Regan: On The Rocks (2021) – Transcript,https://scrapsfromtheloft.com/2021/02/27/brian-regan-on-the-rocks-transcript/,Brian Regan,Brian Regan: On The Rocks ,2021.0
3,George Carlin: Politically Correct Language,https://scrapsfromtheloft.com/2021/02/18/george-carlin-politically-correct-language/,George Carlin,George Carlin: Politically Correct Language,
4,Doug Stanhope: Beer Hall Putsch (2013) – Transcript,https://scrapsfromtheloft.com/2021/02/18/doug-stanhope-beer-hall-putsch-transcript/,Doug Stanhope,Doug Stanhope: Beer Hall Putsch ,2013.0
5,Chris Rock Total Blackout: The Tamborine Extended Cut – Transcript,https://scrapsfromtheloft.com/2021/01/15/chris-rock-total-blackout-the-tamborine-extended-cut-transcript/,Chris Rock Total Blackout,Chris Rock Total Blackout: The Tamborine Extended Cut ,
6,Sarah Cooper: Everything’s Fine (2020) – Transcript,https://scrapsfromtheloft.com/2020/12/22/sarah-cooper-everythings-fine-transcript/,Sarah Cooper,Sarah Cooper: Everything’s Fine ,2020.0
7,"Bo Burnham: Words, Words, Words (2010) – Transcript",https://scrapsfromtheloft.com/2020/12/20/bo-burnham-words-words-words-transcript/,Bo Burnham,"Bo Burnham: Words, Words, Words ",2010.0
8,Vir Das: Outside in – The Lockdown Special (2020) – Transcript,https://scrapsfromtheloft.com/2020/12/17/vir-das-outside-in-the-lockdown-special-transcript/,Vir Das,Vir Das: Outside in ,2020.0
9,Larry the Cable Guy – Remain Seated (2020) – Transcript,https://scrapsfromtheloft.com/2020/11/27/larry-the-cable-guy-remain-seated-transcript/,Larry the Cable Guy ,Larry the Cable Guy ,2020.0
10,Craig Ferguson: Just Being Honest (2015) – Transcript,https://scrapsfromtheloft.com/2020/11/24/craig-ferguson-just-being-honest-transcript/,Craig Ferguson,Craig Ferguson: Just Being Honest ,2015.0
11,Kevin Hart: Zero F**ks Given (2020) – Transcript,https://scrapsfromtheloft.com/2020/11/18/kevin-hart-zero-fks-given-2020-transcript/,Kevin Hart,Kevin Hart: Zero F**ks Given ,2020.0
12,Sam Morril: I Got This (2020) – Transcript,https://scrapsfromtheloft.com/2020/11/12/sam-morril-i-got-this-2020-transcript/,Sam Morril,Sam Morril: I Got This ,2020.0
13,Dave Chappelle: SNL Monologue (2020) – Transcript,https://scrapsfromtheloft.com/2020/11/08/dave-chappelle-snl-monologue-2020-transcript/,Dave Chappelle,Dave Chappelle: SNL Monologue ,2020.0
14,Chris Rock: SNL Monologue (2020) – Transcript,https://scrapsfromtheloft.com/2020/11/06/chris-rock-snl-monologue-2020-transcript/,Chris Rock,Chris Rock: SNL Monologue ,2020.0
15,Bill Burr: Snl Monologue (2020) – Transcript,https://scrapsfromtheloft.com/2020/11/05/bill-burr-snl-monologue-2020-transcript/,Bill Burr,Bill Burr: Snl Monologue ,2020.0
16,John Mulaney: SNL Monologue (2020) – Transcript,https://scrapsfromtheloft.com/2020/11/05/john-mulaney-snl-monologue-2020-transcript/,John Mulaney,John Mulaney: SNL Monologue ,2020.0
17,RONNY CHIENG: ASIAN COMEDIAN DESTROYS AMERICA (2019) – TRANSCRIPT,https://scrapsfromtheloft.com/2020/10/10/ronny-chieng-asian-comedian-destroys-america-transcript/,RONNY CHIENG,RONNY CHIENG: ASIAN COMEDIAN DESTROYS AMERICA ,2019.0
18,Craig Ferguson: A Wee Bit o’ Revolution (2009) – Transcript,https://scrapsfromtheloft.com/2020/09/24/craig-ferguson-a-wee-bit-o-revolution-transcript/,Craig Ferguson,Craig Ferguson: A Wee Bit o’ Revolution ,2009.0
19,MICHAEL MCINTYRE: SHOWMAN (2020) – TRANSCRIPT,https://scrapsfromtheloft.com/2020/09/17/michael-mcintyre-showman-transcript/,MICHAEL MCINTYRE,MICHAEL MCINTYRE: SHOWMAN ,2020.0
20,"ROB SCHNEIDER: ASIAN MOMMA, MEXICAN KIDS (2020) – TRANSCRIPT",https://scrapsfromtheloft.com/2020/08/22/rob-schneider-asian-momma-mexican-kids-transcript/,ROB SCHNEIDER,"ROB SCHNEIDER: ASIAN MOMMA, MEXICAN KIDS ",2020.0
21,Sam Jay: 3 in the Morning (2020) – Transcript,https://scrapsfromtheloft.com/2020/08/22/sam-jay-3-in-the-morning-transcript/,Sam Jay,Sam Jay: 3 in the Morning ,2020.0
22,JACK WHITEHALL: I’M ONLY JOKING (2020) – TRANSCRIPT,https://scrapsfromtheloft.com/2020/07/26/jack-whitehall-im-only-joking-transcript/,JACK WHITEHALL,JACK WHITEHALL: I’M ONLY JOKING ,2020.0
23,URZILA CARLSON: OVERQUALIFIED LOSER (2020) – FULL TRANSCRIPT,https://scrapsfromtheloft.com/2020/07/19/urzila-carlson-overqualified-loser-transcript/,URZILA CARLSON,URZILA CARLSON: OVERQUALIFIED LOSER ,2020.0
24,GEORGE LOPEZ: WE’LL DO IT FOR HALF (2020) – FULL TRANSCRIPT,https://scrapsfromtheloft.com/2020/07/14/george-lopez-well-do-it-for-half-transcript/,GEORGE LOPEZ,GEORGE LOPEZ: WE’LL DO IT FOR HALF ,2020.0
25,JIM JEFFERIES: INTOLERANT (2020) – FULL TRANSCRIPT,https://scrapsfromtheloft.com/2020/07/08/jim-jefferies-intolerant-transcript/,JIM JEFFERIES,JIM JEFFERIES: INTOLERANT ,2020.0
26,BILL HICKS: THE CENSORED SEVEN MINUTES ON LATE SHOW WITH DAVID LETTERMAN [FULL TRANSCRIPT],https://scrapsfromtheloft.com/2020/07/05/bill-hicks-censored-david-letterman-transcript/,BILL HICKS,BILL HICKS: THE CENSORED SEVEN MINUTES ON LATE SHOW WITH DAVID LETTERMAN ,
27,George Carlin: Doin’ It Again (1990) – Transcript,https://scrapsfromtheloft.com/2020/06/27/george-carlin-doin-it-againtranscript/,George Carlin,George Carlin: Doin’ It Again ,1990.0
28,ERIC ANDRE: LEGALIZE EVERYTHING (2020),https://scrapsfromtheloft.com/2020/06/25/eric-andre-legalize-everything-transcript/,ERIC ANDRE,ERIC ANDRE: LEGALIZE EVERYTHING ,2020.0
29,ROY WOOD JR.: FATHER FIGURE (2017) – FULL TRANSCRIPT,https://scrapsfromtheloft.com/2020/06/22/roy-wood-jr-father-figure-transcript/,ROY WOOD JR.,ROY WOOD JR.: FATHER FIGURE ,2017.0
30,Dave Chappelle: Hbo Comedy Half-Hour (1998) – Transcript,https://scrapsfromtheloft.com/2020/06/19/dave-chappelle-hbo-comedy-half-hour-1998-transcript/,Dave Chappelle,Dave Chappelle: Hbo Comedy Half,1998.0
31,Mark Normand: Don’t Be Yourself (2017) – Transcript,https://scrapsfromtheloft.com/2020/06/13/mark-normand-dont-be-yourself-transcript/,Mark Normand,Mark Normand: Don’t Be Yourself ,2017.0
32,DOUG STANHOPE: FEAR OF AN EMPTY BED [TRANSCRIPT],https://scrapsfromtheloft.com/2020/06/09/doug-stanhope-fear-of-an-empty-bed-transcript/,DOUG STANHOPE,DOUG STANHOPE: FEAR OF AN EMPTY BED ,
33,Chris Gethard: Career Suicide (2017) – Transcript,https://scrapsfromtheloft.com/2020/06/02/chris-gethard-career-suicide-transcript/,Chris Gethard,Chris Gethard: Career Suicide ,2017.0
34,RAMY YOUSSEF: FEELINGS (2019) – FULL TRANSCRIPT,https://scrapsfromtheloft.com/2020/06/01/ramy-youssef-feelings-transcript/,RAMY YOUSSEF,RAMY YOUSSEF: FEELINGS ,2019.0
35,KENNY SEBASTIAN DON’T BE THAT GUY (2017) – FULL TRANSCRIPT,https://scrapsfromtheloft.com/2020/06/01/kenny-sebastian-dont-be-that-guy-transcript/,KENNY SEBASTIAN DON,KENNY SEBASTIAN DON’T BE THAT GUY ,2017.0
36,BILLY CONNOLLY: HIGH HORSE TOUR LIVE (2016) – FULL TRANSCRIPT,https://scrapsfromtheloft.com/2020/05/27/billy-connolly-high-horse-tour-live-transcript/,BILLY CONNOLLY,BILLY CONNOLLY: HIGH HORSE TOUR LIVE ,2016.0
37,HANNAH GADSBY: DOUGLAS (2020) – FULL TRANSCRIPT,https://scrapsfromtheloft.com/2020/05/26/hannah-gadsby-douglas-transcript/,HANNAH GADSBY,HANNAH GADSBY: DOUGLAS ,2020.0
38,Hasan Minhaj: Homecoming King (2017) – Transcript,https://scrapsfromtheloft.com/2020/05/21/hasan-minhaj-homecoming-king-transcript/,Hasan Minhaj,Hasan Minhaj: Homecoming King ,2017.0
39,PATTON OSWALT: I LOVE EVERYTHING (2020) – FULL TRANSCRIPT,https://scrapsfromtheloft.com/2020/05/20/patton-oswalt-i-love-everything-transcript/,PATTON OSWALT,PATTON OSWALT: I LOVE EVERYTHING ,2020.0
40,RUSSELL PETERS: DEPORTED (2020) – FULL TRANSCRIPT,https://scrapsfromtheloft.com/2020/05/10/russell-peters-deported-transcript/,RUSSELL PETERS,RUSSELL PETERS: DEPORTED ,2020.0
41,JIMMY O. YANG: GOOD DEAL (2020) – FULL TRANSCRIPT,https://scrapsfromtheloft.com/2020/05/10/jimmy-o-yang-good-deal-transcript/,JIMMY O. YANG,JIMMY O. YANG: GOOD DEAL ,2020.0
42,JO KOY: LIGHTS OUT (2012) – FULL TRANSCRIPT,https://scrapsfromtheloft.com/2020/05/09/jo-koy-lights-out-2012-full-transcript/,JO KOY,JO KOY: LIGHTS OUT ,2012.0
43,LEE MACK: GOING OUT LIVE (2010) – FULL TRANSCRIPT,https://scrapsfromtheloft.com/2020/05/08/lee-mack-going-out-live-transcript/,LEE MACK,LEE MACK: GOING OUT LIVE ,2010.0
44,LEE MACK: LIVE (2007) – FULL TRANSCRIPT,https://scrapsfromtheloft.com/2020/05/07/lee-mack-live-transcript/,LEE MACK,LEE MACK: LIVE ,2007.0
45,T.J. MILLER: NO REAL REASON (2011) – FULL TRANSCRIPT,https://scrapsfromtheloft.com/2020/05/06/t-j-miller-no-real-reason-transcript/,T.J. MILLER,T.J. MILLER: NO REAL REASON ,2011.0
46,Jerry Seinfeld: 23 Hours To Kill (2020) – Transcript,https://scrapsfromtheloft.com/2020/05/06/jerry-seinfeld-23-hours-to-kill-transcript/,Jerry Seinfeld,Jerry Seinfeld: 23 Hours To Kill ,2020.0
47,BILL BURR ON THE LATE SHOW WITH DAVID LETTERMAN (2010) – TRANSCRIPT,https://scrapsfromtheloft.com/2020/05/05/bill-burr-late-show-with-david-letterman-2010/,BILL BURR ON THE LATE SHOW WITH DAVID LETTERMAN ,BILL BURR ON THE LATE SHOW WITH DAVID LETTERMAN ,2010.0
48,SINCERELY LOUIS CK (2020),https://scrapsfromtheloft.com/2020/05/02/sincerely-louis-ck-transcript/,SINCERELY LOUIS CK ,SINCERELY LOUIS CK ,2020.0
49,JIM NORTON: AMERICAN DEGENERATE (2013) – FULL TRANSCRIPT,https://scrapsfromtheloft.com/2020/05/02/jim-norton-american-degenerate-transcript/,JIM NORTON,JIM NORTON: AMERICAN DEGENERATE ,2013.0
50,Jim Norton: Monster Rain (2007) – Transcript,https://scrapsfromtheloft.com/2020/05/02/jim-norton-monster-rain-transcript/,Jim Norton,Jim Norton: Monster Rain ,2007.0
51,DANIEL SLOSS: X (2019) – FULL TRANSCRIPT,https://scrapsfromtheloft.com/2020/05/01/daniel-sloss-x-transcript/,DANIEL SLOSS,DANIEL SLOSS: X ,2019.0
52,MARIA BAMFORD: WEAKNESS IS THE BRAND (2020) – FULL TRANSCRIPT,https://scrapsfromtheloft.com/2020/05/01/maria-bamford-weakness-is-the-brand-transcript/,MARIA BAMFORD,MARIA BAMFORD: WEAKNESS IS THE BRAND ,2020.0
53,DAVE ALLEN: FIRST DAY AT CATHOLIC SCHOOL [TRANSCRIPT],https://scrapsfromtheloft.com/2020/04/30/dave-allen-first-day-at-school-transcript/,DAVE ALLEN,DAVE ALLEN: FIRST DAY AT CATHOLIC SCHOOL ,
54,CHRIS D’ELIA: WHITE MALE. BLACK COMIC. (2013) – FULL TRANSCRIPT,https://scrapsfromtheloft.com/2020/04/25/chris-d-elia-white-male-black-comic-transcript/,CHRIS D,CHRIS D’ELIA: WHITE MALE. BLACK COMIC. ,2013.0
55,Chris D’Elia: Man on Fire (2017) – Full Transcript,https://scrapsfromtheloft.com/2020/04/19/chris-d-elia-man-on-fire-transcript/,Chris D,Chris D’Elia: Man on Fire ,2017.0
56,George Carlin: The Indian Drill Sergeant – Transcript,https://scrapsfromtheloft.com/2020/04/13/george-carlin-indian-drill-sergeant-transcript/,George Carlin,George Carlin: The Indian Drill Sergeant ,
57,Tom Segura: Ball Hog (2020) – Transcript,https://scrapsfromtheloft.com/2020/03/25/tom-segura-ball-hog-transcript/,Tom Segura,Tom Segura: Ball Hog ,2020.0
58,Bert Kreischer: Hey Big Boy (2020) – Transcript,https://scrapsfromtheloft.com/2020/03/21/bert-kreischer-hey-big-boy-transcript/,Bert Kreischer,Bert Kreischer: Hey Big Boy ,2020.0
59,Bert Kreischer: Fighting A Bear [Transcript],https://scrapsfromtheloft.com/2020/03/21/bert-kreischer-fighting-a-bear-transcript/,Bert Kreischer,Bert Kreischer: Fighting A Bear ,
60,Marc Maron: End Times Fun (2020) – Full Transcript,https://scrapsfromtheloft.com/2020/03/12/marc-maron-end-times-fun-transcript/,Marc Maron,Marc Maron: End Times Fun ,2020.0
61,PETE DAVIDSON: SMD (2016) – FULL TRANSCRIPT,https://scrapsfromtheloft.com/2020/03/04/pete-davidson-smd-transcript/,PETE DAVIDSON,PETE DAVIDSON: SMD ,2016.0
62,PETE DAVIDSON: ALIVE FROM NEW YORK (2020) – FULL TRANSCRIPT,https://scrapsfromtheloft.com/2020/03/01/pete-davidson-alive-from-new-york-transcript/,PETE DAVIDSON,PETE DAVIDSON: ALIVE FROM NEW YORK ,2020.0
63,Amanda Seales: I Be Knowin’ (2019) – Transcript,https://scrapsfromtheloft.com/2020/02/27/amanda-seales-i-be-knowin-transcript/,Amanda Seales,Amanda Seales: I Be Knowin’ ,2019.0
64,Stewart Lee: Carpet Remnant World (2012) – Full Transcript,https://scrapsfromtheloft.com/2020/02/12/stewart-lee-carpet-remnant-world-transcript/,Stewart Lee,Stewart Lee: Carpet Remnant World ,2012.0
65,Stewart Lee: Content Provider (2018) – Transcript,https://scrapsfromtheloft.com/2020/02/10/stewart-lee-content-provider-transcript/,Stewart Lee,Stewart Lee: Content Provider ,2018.0
66,Sara Pascoe: LadsLadsLads (2019) – Full Transcript,https://scrapsfromtheloft.com/2020/02/02/sara-pascoe-ladsladslads-2019-full-transcript/,Sara Pascoe,Sara Pascoe: LadsLadsLads ,2019.0
67,Dan Soder: Son of a Gary (2019) – Full Transcript,https://scrapsfromtheloft.com/2020/01/23/dan-soder-son-of-a-gary-transcript/,Dan Soder,Dan Soder: Son of a Gary ,2019.0
68,Jim Gaffigan: Quality Time (2019) – Full Transcript,https://scrapsfromtheloft.com/2020/01/19/jim-gaffigan-quality-time-transcript/,Jim Gaffigan,Jim Gaffigan: Quality Time ,2019.0
69,Dave Chappelle Acceptance Speech | 2019 Mark Twain Prize – Transcript,https://scrapsfromtheloft.com/2020/01/13/dave-chappelle-acceptance-speech-2019-mark-twain-prize/,Dave Chappelle Acceptance Speech ,Dave Chappelle Acceptance Speech ,2019.0
70,RICKY GERVAIS: 2020 GOLDEN GLOBES OPENING MONOLOGUE [TRANSCRIPT],https://scrapsfromtheloft.com/2020/01/07/ricky-gervais-2020-golden-globes-monologue-transcript/,RICKY GERVAIS,RICKY GERVAIS: 2020 GOLDEN GLOBES OPENING MONOLOGUE ,2020.0
71,Kevin Bridges: A Whole Different Story (2015) – Full Transcript,https://scrapsfromtheloft.com/2019/12/22/kevin-bridges-whole-different-story-transcript/,Kevin Bridges,Kevin Bridges: A Whole Different Story ,2015.0
72,Kevin Bridges: The Story So Far… Live in Glasgow (2010) – Full Transcript,https://scrapsfromtheloft.com/2019/12/21/kevin-bridges-story-so-far-live-glasgow-transcript/,Kevin Bridges,Kevin Bridges: The Story So Far,2010.0
73,Kevin Bridges: The Story Continues (2012) – Full Transcript,https://scrapsfromtheloft.com/2019/12/21/kevin-bridges-the-story-continues-transcript/,Kevin Bridges,Kevin Bridges: The Story Continues ,2012.0
74,Andy Woodhull: You’ll Always Be Late (2019) – Transcript,https://scrapsfromtheloft.com/2019/12/15/andy-woodhull-youll-always-be-late-transcript/,Andy Woodhull,Andy Woodhull: You’ll Always Be Late ,2019.0
75,Michelle Wolf: Joke Show (2019) – Full Transcript,https://scrapsfromtheloft.com/2019/12/14/michelle-wolf-joke-show-transcript/,Michelle Wolf,Michelle Wolf: Joke Show ,2019.0
76,Tiffany Haddish: Black Mitzvah (2019) – Full Transcript,https://scrapsfromtheloft.com/2019/12/05/tiffany-haddish-black-mitzvah-transcript/,Tiffany Haddish,Tiffany Haddish: Black Mitzvah ,2019.0
77,Mike Birbiglia: The New One (2019) – Full Transcript,https://scrapsfromtheloft.com/2019/11/30/mike-birbiglia-the-new-one-transcript/,Mike Birbiglia,Mike Birbiglia: The New One ,2019.0
78,Iliza Shlesinger: Unveiled (2019) – Full Transcript,https://scrapsfromtheloft.com/2019/11/20/iliza-shlesinger-unveiled-transcript/,Iliza Shlesinger,Iliza Shlesinger: Unveiled ,2019.0
79,Seth Meyers: Lobby Baby (2019) – Full Transcript,https://scrapsfromtheloft.com/2019/11/08/seth-meyers-lobby-baby-transcript/,Seth Meyers,Seth Meyers: Lobby Baby ,2019.0
80,Arsenio Hall: Smart and Classy (2019) – Transcript,https://scrapsfromtheloft.com/2019/10/30/arsenio-hall-smart-and-classy-transcript/,Arsenio Hall,Arsenio Hall: Smart and Classy ,2019.0
81,Sebastian Maniscalco Stand-Up – The Tonight Show Starring Jimmy Fallon (2019) – Full Transcript,https://scrapsfromtheloft.com/2019/10/06/sebastian-maniscalco-tonight-show-starring-jimmy-fallon-transcript/,Sebastian Maniscalco Stand,Sebastian Maniscalco Stand,2019.0
82,Nikki Glaser: Bangin’ (2019) – Full Transcript,https://scrapsfromtheloft.com/2019/10/04/nikki-glaser-bangin-transcript/,Nikki Glaser,Nikki Glaser: Bangin’ ,2019.0
83,Ryan Hamilton Stand-Up – The Tonight Show Starring Jimmy Fallon (2019) – Full Transcript,https://scrapsfromtheloft.com/2019/09/25/ryan-hamilton-stand-up-the-tonight-show-starring-jimmy-fallon-transcript/,Ryan Hamilton Stand,Ryan Hamilton Stand,2019.0
84,Mark Normand Stand-Up – The Tonight Show Starring Jimmy Fallon (2019) – Full Transcript,https://scrapsfromtheloft.com/2019/09/21/mark-normand-stand-up-tonight-show-starring-jimmy-fallon/,Mark Normand Stand,Mark Normand Stand,2019.0
85,George Carlin: Dumb Americans (2006) – Full Transcript,https://scrapsfromtheloft.com/2019/09/12/george-carlin-dumb-americans-transcript/,George Carlin,George Carlin: Dumb Americans ,2006.0
86,Bill Burr: Paper Tiger (2019) – Transcript,https://scrapsfromtheloft.com/2019/09/10/bill-burr-paper-tiger-transcript/,Bill Burr,Bill Burr: Paper Tiger ,2019.0
87,Dave Chappelle: Sticks & Stones | Epilogue: The Punchline – Transcript,https://scrapsfromtheloft.com/2019/08/29/dave-chappelle-sticks-stones-epilogue-punchline-transcript/,Dave Chappelle,Dave Chappelle: Sticks ,
88,"Brazil, Corruption and the Amazon Rainforest | Patriot Act with Hasan Minhaj – Full Transcript",https://scrapsfromtheloft.com/2019/08/26/brazil-corruption-amazon-hasan-minhaj/,Brazil,"Brazil, Corruption and the Amazon Rainforest ",
89,Dave Chappelle: Sticks & Stones (2019) – Transcript,https://scrapsfromtheloft.com/2019/08/26/dave-chappelle-sticks-stones-transcript/,Dave Chappelle,Dave Chappelle: Sticks ,2019.0
90,Emily Heller: Ice Thickeners (2019) – Full Transcript,https://scrapsfromtheloft.com/2019/08/25/emily-heller-ice-thickeners-transcript/,Emily Heller,Emily Heller: Ice Thickeners ,2019.0
91,David Cross: Oh Come On (2019) – Full Transcript,https://scrapsfromtheloft.com/2019/08/13/david-cross-oh-come-on-transcript/,David Cross,David Cross: Oh Come On ,2019.0
92,Kevin Hart: Gun Compartment [Transcript],https://scrapsfromtheloft.com/2019/08/08/kevin-hart-gun-compartment-transcript/,Kevin Hart,Kevin Hart: Gun Compartment ,
93,Whitney Cummings: Can I Touch It? (2019) – Full Transcript,https://scrapsfromtheloft.com/2019/08/01/whitney-cummings-can-i-touch-it-transcript/,Whitney Cummings,Whitney Cummings: Can I Touch It? ,2019.0
94,Eddie Griffin: The Black Man’s Bible (1994) – Transcript,https://scrapsfromtheloft.com/2019/07/24/eddie-griffin-bible-negro-version-transcript/,Eddie Griffin,Eddie Griffin: The Black Man’s Bible ,1994.0
95,Tom Segura Overdoses – This Is Not Happening [Transcript],https://scrapsfromtheloft.com/2019/07/14/tom-segura-overdoses-this-is-not-happening-transcript/,Tom Segura Overdoses ,Tom Segura Overdoses ,
96,Aziz Ansari: Right Now (2019) – Transcript,https://scrapsfromtheloft.com/2019/07/10/aziz-ansari-right-now-transcript/,Aziz Ansari,Aziz Ansari: Right Now ,2019.0
97,Ralphie May: Filthy Animal Tour (2014) – Transcript,https://scrapsfromtheloft.com/2019/07/07/ralphie-may-filthy-animal-tour-transcript/,Ralphie May,Ralphie May: Filthy Animal Tour ,2014.0
98,Protected: Katherine Ryan: In Trouble (2017) – Full Transcript,https://scrapsfromtheloft.com/2019/07/06/katherine-ryan-in-trouble-transcript/,Protected,Protected: Katherine Ryan: In Trouble ,2017.0
99,Protected: Katherine Ryan: Glitter Room (2019) – Full Transcript,https://scrapsfromtheloft.com/2019/07/05/katherine-ryan-glitter-room-transcript/,Protected,Protected: Katherine Ryan: Glitter Room ,2019.0
100,Mike Epps: Only One Mike (2019) – Full Transcript,https://scrapsfromtheloft.com/2019/06/27/mike-epps-only-one-mike-transcript/,Mike Epps,Mike Epps: Only One Mike ,2019.0
101,Adam DeVine: Best Time of Our Lives (2019) – Full Transcript,https://scrapsfromtheloft.com/2019/06/22/adam-devine-best-time-of-our-lives-transcript/,Adam DeVine,Adam DeVine: Best Time of Our Lives ,2019.0
102,Jo Koy: Live from Seattle (2017) – Full Transcript,https://scrapsfromtheloft.com/2019/06/16/jo-koy-live-from-seattle-transcript/,Jo Koy,Jo Koy: Live from Seattle ,2017.0
103,Jo Koy: Comin’ in Hot (2019) – Full Transcript,https://scrapsfromtheloft.com/2019/06/15/jo-ko-comin-in-hot-transcript/,Jo Koy,Jo Koy: Comin’ in Hot ,2019.0
104,The Standups: Gina Yashere (2018) – Full Transcript,https://scrapsfromtheloft.com/2019/06/02/the-standups-gina-yashere-2018-transcript/,The Standups,The Standups: Gina Yashere ,2018.0
105,Wanda Sykes: Not Normal (2019) – Full Transcript,https://scrapsfromtheloft.com/2019/05/22/wanda-sykes-not-normal-transcript/,Wanda Sykes,Wanda Sykes: Not Normal ,2019.0
106,Doug Stanhope on babies and abortion,https://scrapsfromtheloft.com/2019/05/18/doug-stanhope-babies-and-abortion/,Doug Stanhope on babies and abortion,Doug Stanhope on babies and abortion,
107,Cedric the Entertainer: Live from the Ville (2016) – Transcript,https://scrapsfromtheloft.com/2019/05/17/cedric-the-entertainer-live-from-the-ville-transcript/,Cedric the Entertainer,Cedric the Entertainer: Live from the Ville ,2016.0
108,Eddie Murphy: Raw (1987) – Transcript,https://scrapsfromtheloft.com/2019/05/16/eddie-murphy-raw-transcript/,Eddie Murphy,Eddie Murphy: Raw ,1987.0
109,Colin Quinn: The New York Story (2016) – Full Transcript,https://scrapsfromtheloft.com/2019/05/16/colin-quinn-the-new-york-story-transcript/,Colin Quinn,Colin Quinn: The New York Story ,2016.0
110,Demetri Martin: Live (At The Time) (2015) – Full Transcript,https://scrapsfromtheloft.com/2019/05/15/demetri-martin-live-at-the-time-transcript/,Demetri Martin,Demetri Martin: Live ,2015.0
111,George Carlin: What Am I Doing in New Jersey? (1988) – Full Transcript,https://scrapsfromtheloft.com/2019/05/14/george-carlin-what-am-i-doing-in-new-jersey-transcript/,George Carlin,George Carlin: What Am I Doing in New Jersey? ,1988.0
112,Chelsea Peretti: One of the Greats (2014) – Full Transcript,https://scrapsfromtheloft.com/2019/05/14/chelsea-peretti-one-of-the-greats-transcript/,Chelsea Peretti,Chelsea Peretti: One of the Greats ,2014.0
113,ANTHONY JESELNIK: FIRE IN THE MATERNITY WARD (2019) – FULL TRANSCRIPT,https://scrapsfromtheloft.com/2019/05/02/anthony-jeselnik-fire-in-the-maternity-ward-transcript/,ANTHONY JESELNIK,ANTHONY JESELNIK: FIRE IN THE MATERNITY WARD ,2019.0
114,Roy Wood Jr.: No One Loves You (2019) – Transcript,https://scrapsfromtheloft.com/2019/04/30/roy-wood-jr-no-one-loves-you-transcript/,Roy Wood Jr.,Roy Wood Jr.: No One Loves You ,2019.0
115,Robin Williams: Weapons of Self Destruction (2009) – Full Transcript,https://scrapsfromtheloft.com/2019/04/30/robin-williams-weapons-of-self-destruction-transcript/,Robin Williams,Robin Williams: Weapons of Self Destruction ,2009.0
116,ROBIN WILLIAMS LIVE ON BROADWAY (2002) – FULL TRANSCRIPT,https://scrapsfromtheloft.com/2019/04/19/robin-williams-live-on-broadway-2002-full-transcript/,ROBIN WILLIAMS LIVE ON BROADWAY ,ROBIN WILLIAMS LIVE ON BROADWAY ,2002.0
117,Jimmy Carr: The Best of Ultimate Gold Greatest Hits (2019) – Full Transcript,https://scrapsfromtheloft.com/2019/04/14/jimmy-carr-the-best-of-ultimate-gold-greatest-hits-transcript/,Jimmy Carr,Jimmy Carr: The Best of Ultimate Gold Greatest Hits ,2019.0
118,Nate Bargatze: The Tennessee Kid (2019) – Full Transcript,https://scrapsfromtheloft.com/2019/04/05/nate-bargatze-the-tennessee-kid-transcript/,Nate Bargatze,Nate Bargatze: The Tennessee Kid ,2019.0
119,W. Kamau Bell: Private School Negro (2018) – Transcript,https://scrapsfromtheloft.com/2019/04/05/w-kamau-bell-private-school-negro-transcript/,W. Kamau Bell,W. Kamau Bell: Private School Negro ,2018.0
120,Kevin Hart: Irresponsible (2019) – Transcript,https://scrapsfromtheloft.com/2019/04/05/kevin-hart-irresponsible-transcript/,Kevin Hart,Kevin Hart: Irresponsible ,2019.0
121,Nate Bargatze: Full Time Magic (2015) – Full Transcript,https://scrapsfromtheloft.com/2019/03/27/nate-bargatze-full-time-magic-transcript/,Nate Bargatze,Nate Bargatze: Full Time Magic ,2015.0
122,Amy Schumer: Growing (2019) – Full Transcript,https://scrapsfromtheloft.com/2019/03/23/amy-schumer-growing-transcript/,Amy Schumer,Amy Schumer: Growing ,2019.0
123,Ricky Gervais: 2011 Golden Globes Opening Monologue,https://scrapsfromtheloft.com/2019/03/18/ricky-gervais-2011-golden-globes-opening-monologue/,Ricky Gervais,Ricky Gervais: 2011 Golden Globes Opening Monologue,2011.0
124,Ricky Gervais: 2016 Golden Globes Opening Monologue,https://scrapsfromtheloft.com/2019/03/18/ricky-gervais-2016-golden-globes-opening-monologue/,Ricky Gervais,Ricky Gervais: 2016 Golden Globes Opening Monologue,2016.0
125,Enissa Amani: Ehrenwort (2018) Full Transcript,https://scrapsfromtheloft.com/2019/02/19/enissa-amani-ehrenwort-2018-full-transcript/,Enissa Amani,Enissa Amani: Ehrenwort ,2018.0
126,"Ken Jeong: You Complete Me, Ho (2019) – Full Transcript",https://scrapsfromtheloft.com/2019/02/17/ken-jeong-you-complete-me-ho-transcript/,Ken Jeong,"Ken Jeong: You Complete Me, Ho ",2019.0
127,"Ray Romano: Right Here, Around the Corner (2019) – Full Transcript",https://scrapsfromtheloft.com/2019/02/12/ray-romano-right-here-around-the-corner-transcript/,Ray Romano,"Ray Romano: Right Here, Around the Corner ",2019.0
128,Gabriel “Fluffy” Iglesias: One Show Fits All (2019) – Full Transcript,https://scrapsfromtheloft.com/2019/01/30/gabriel-fluffy-iglesias-one-show-fits-all-transcript/,Gabriel ,Gabriel ,2019.0
129,Sebastian Maniscalco: Stay Hungry (2019) – Full Transcript,https://scrapsfromtheloft.com/2019/01/29/sebastian-maniscalco-stay-hungry-transcript/,Sebastian Maniscalco,Sebastian Maniscalco: Stay Hungry ,2019.0
130,Latin History for Morons: John Leguizamo’s Road to Broadway (2018) – Transcript,https://scrapsfromtheloft.com/2019/01/27/latin-history-for-morons-john-leguizamo-transcript/,Latin History for Morons,Latin History for Morons: John Leguizamo’s Road to Broadway ,2018.0
131,Sebastian Maniscalco: Aren’t You Embarrassed? (2014) – Full Transcript,https://scrapsfromtheloft.com/2019/01/24/sebastian-maniscalco-arent-you-embarrassed-transcript/,Sebastian Maniscalco,Sebastian Maniscalco: Aren’t You Embarrassed? ,2014.0
132,Sebastian Maniscalco: What’s Wrong with People? (2012) – Full Transcript,https://scrapsfromtheloft.com/2019/01/24/sebastian-maniscalco-whats-wrong-with-people-transcript/,Sebastian Maniscalco,Sebastian Maniscalco: What’s Wrong with People? ,2012.0
133,"Oh, Hello On Broadway (2017) – Transcript",https://scrapsfromtheloft.com/2019/01/08/oh-hello-on-broadway-transcript/,Oh,"Oh, Hello On Broadway ",2017.0
134,Ellen Degeneres: Relatable (2018) – Transcript,https://scrapsfromtheloft.com/2018/12/22/ellen-degeneres-relatable-transcript/,Ellen Degeneres,Ellen Degeneres: Relatable ,2018.0
135,Pete Holmes: Dirty Clean (2018) – Full Transcript,https://scrapsfromtheloft.com/2018/12/19/pete-holmes-dirty-clean-transcript/,Pete Holmes,Pete Holmes: Dirty Clean ,2018.0
136,Vir Das: Losing It (2018) – Full Transcript,https://scrapsfromtheloft.com/2018/12/15/vir-das-losing-it-transcript/,Vir Das,Vir Das: Losing It ,2018.0
137,Volker Pispers about USA (2004) – Transcript,https://scrapsfromtheloft.com/2018/11/27/volker-pispers-about-usa-2004-transcript/,Volker Pispers about USA ,Volker Pispers about USA ,2004.0
138,Trevor Noah: Son of Patricia (2018) – Transcript,https://scrapsfromtheloft.com/2018/11/21/trevor-noah-son-of-patricia-transcript/,Trevor Noah,Trevor Noah: Son of Patricia ,2018.0
139,Jeff Foxworthy & Larry the Cable Guy: We’ve Been Thinking (2016) – Full Transcript,https://scrapsfromtheloft.com/2018/10/28/jeff-foxworthy-larry-the-cable-guy-weve-been-thinking-transcript/,Jeff Foxworthy ,Jeff Foxworthy ,2016.0
140,Adam Sandler: 100% Fresh (2018) – Full Transcript,https://scrapsfromtheloft.com/2018/10/26/adam-sandler-100-fresh-transcript/,Adam Sandler,Adam Sandler: 100% Fresh ,2018.0
141,Jeff Foxworthy: Totally Committed (1998) – Full Transcript,https://scrapsfromtheloft.com/2018/10/23/jeff-foxworthy-totally-committed-transcript/,Jeff Foxworthy,Jeff Foxworthy: Totally Committed ,1998.0
142,"RON WHITE: IF YOU QUIT LISTENING, I’LL SHUT UP (2018) – FULL TRANSCRIPT",https://scrapsfromtheloft.com/2018/10/19/ron-white-if-you-quit-listening-ill-shutup-transcript/,RON WHITE,"RON WHITE: IF YOU QUIT LISTENING, I’LL SHUT UP ",2018.0
143,Carlin at Carnegie (1983) – Full Transcript,https://scrapsfromtheloft.com/2018/10/15/carlin-at-carnegie-transcript/,Carlin at Carnegie ,Carlin at Carnegie ,1983.0
144,Comedy Central Presents: Tom Segura [S15e01] – Transcript,https://scrapsfromtheloft.com/2018/10/13/comedy-central-presents-tom-segura-s15e01-transcript/,Comedy Central Presents,Comedy Central Presents: Tom Segura ,
145,Mo Amer: The Vagabond (2018) – Full Transcript,https://scrapsfromtheloft.com/2018/10/11/mo-amer-the-vagabond-transcript/,Mo Amer,Mo Amer: The Vagabond ,2018.0
146,Joe Mande’s Award-Winning Comedy Special (2017) – Full Transcript,https://scrapsfromtheloft.com/2018/10/04/joe-mandes-award-winning-comedy-special-transcript/,Joe Mande,Joe Mande’s Award,2017.0
147,"Henry Rollins: Keep Talking, Pal (2018) – Full Transcript",https://scrapsfromtheloft.com/2018/10/04/henry-rollins-keep-talking-pal-transcript/,Henry Rollins,"Henry Rollins: Keep Talking, Pal ",2018.0
148,GEORGE CARLIN: SATURDAY NIGHT LIVE MONOLOGUE (1975) – FULL TRANSCRIPT,https://scrapsfromtheloft.com/2018/10/04/george-carlin-saturday-night-live-monologue1975-s01e01/,GEORGE CARLIN,GEORGE CARLIN: SATURDAY NIGHT LIVE MONOLOGUE ,1975.0
149,Joe Rogan: Strange Times (2018) – Full Transcript,https://scrapsfromtheloft.com/2018/10/03/joe-rogan-strange-times-transcript/,Joe Rogan,Joe Rogan: Strange Times ,2018.0
150,Louis C.K.: SNL Monologue S38E06 [11/03/12] – Full Transcript,https://scrapsfromtheloft.com/2018/10/02/louis-ck-snl-monologue-s38e06-2012-transcript/,Louis C.K.,Louis C.K.: SNL Monologue S38E06 ,
151,Louis C.K.: SNL Monologue S39E16 [03/29/14] – Full Transcript,https://scrapsfromtheloft.com/2018/10/02/louis-c-k-snl-monologue-march-29-2014-full-transcript/,Louis C.K.,Louis C.K.: SNL Monologue S39E16 ,
152,Sarah Silverman: Saturday Night Live Monologue – SEASON 40 | EPISODE 2 | 10/04/2014 – Transcript,https://scrapsfromtheloft.com/2018/10/02/sarah-silvermans-monologue-saturday-night-live-2014-transcript/,Sarah Silverman,Sarah Silverman: Saturday Night Live Monologue ,2014.0
153,"Louis C.K.: SNL Monologue May 16, 2015 – Full Transcript",https://scrapsfromtheloft.com/2018/09/30/louis-c-k-snl-monologue-2015-transcript/,Louis C.K.,"Louis C.K.: SNL Monologue May 16, 2015 ",2015.0
154,John Mulaney: Snl Monologue (2018) – Transcript,https://scrapsfromtheloft.com/2018/09/23/john-mulaney-snl-monologue-2018-transcript/,John Mulaney,John Mulaney: Snl Monologue ,2018.0
155,"David Chappelle: SNL monologue [November 12, 2016] – Transcript",https://scrapsfromtheloft.com/2018/09/23/david-chappelles-snl-monologue-2016-transcript/,David Chappelle,David Chappelle: SNL monologue ,2016.0
156,D.L. Hughley: Contrarian (2018) – Transcript,https://scrapsfromtheloft.com/2018/09/22/d-l-hughley-contrarian-transcript/,D.L. Hughley,D.L. Hughley: Contrarian ,2018.0
157,Daniel Sloss: Dark (2018) – Full Transcript,https://scrapsfromtheloft.com/2018/09/21/daniel-sloss-dark-transcript/,Daniel Sloss,Daniel Sloss: Dark ,2018.0
158,Daniel Sloss: Jigsaw (2018) – Full Transcript,https://scrapsfromtheloft.com/2018/09/18/daniel-sloss-jigsaw-transcript/,Daniel Sloss,Daniel Sloss: Jigsaw ,2018.0
159,Iliza Shlesinger: Freezing Hot (2015) – Full Transcript,https://scrapsfromtheloft.com/2018/09/13/iliza-shlesinger-freezing-hot-transcript/,Iliza Shlesinger,Iliza Shlesinger: Freezing Hot ,2015.0
160,Iliza Shlesinger: War Paint (2013) – Transcript,https://scrapsfromtheloft.com/2018/09/13/iliza-shlesinger-war-paint-transcript/,Iliza Shlesinger,Iliza Shlesinger: War Paint ,2013.0
161,Bert Kreischer: Secret Time (2018) – Transcript,https://scrapsfromtheloft.com/2018/08/25/bert-kreischer-secret-time-transcript/,Bert Kreischer,Bert Kreischer: Secret Time ,2018.0
162,"Dick Gregory: Speech at St. John’s Baptist Church, May 20, 1963 – Transcript",https://scrapsfromtheloft.com/2018/08/11/dick-gregory-speech-st-johns-baptist-church-may-20-1963/,Dick Gregory,"Dick Gregory: Speech at St. John’s Baptist Church, May 20, 1963 ",1963.0
163,Demetri Martin: The Overthinker (2018) – Full Transcript,https://scrapsfromtheloft.com/2018/08/11/demetri-martin-overthinker-transcript/,Demetri Martin,Demetri Martin: The Overthinker ,2018.0
164,BILL MAHER: LIVE FROM OKLAHOMA (2018) – Full Transcript,https://scrapsfromtheloft.com/2018/08/04/bill-maher-live-from-oklahoma-2018-full-transcript/,BILL MAHER,BILL MAHER: LIVE FROM OKLAHOMA ,2018.0
165,Rowan Atkinson Live (1992) – Transcript,https://scrapsfromtheloft.com/2018/08/04/rowan-atkinson-live-1992-transcript/,Rowan Atkinson Live ,Rowan Atkinson Live ,1992.0
166,Iliza Shlesinger: Confirmed Kills (2016) – Full Transcript,https://scrapsfromtheloft.com/2018/07/31/iliza-shlesinger-confirmed-kills-transcript/,Iliza Shlesinger,Iliza Shlesinger: Confirmed Kills ,2016.0
167,Iliza Shlesinger: Elder Millennial (2018) – Full Transcript,https://scrapsfromtheloft.com/2018/07/30/iliza-shlesinger-elder-millennial-2018-full-transcript/,Iliza Shlesinger,Iliza Shlesinger: Elder Millennial ,2018.0
168,JIM GAFFIGAN: NOBLE APE (2018) – Full Transcript,https://scrapsfromtheloft.com/2018/07/26/jim-gaffigan-noble-ape-full-transcript/,JIM GAFFIGAN,JIM GAFFIGAN: NOBLE APE ,2018.0
169,Jim Norton: Contextually Inadequate (2015) – Transcript,https://scrapsfromtheloft.com/2018/07/23/jim-norton-contextually-inadequate-full-transcript/,Jim Norton,Jim Norton: Contextually Inadequate ,2015.0
170,Hannah Gadsby: Nanette (2018) – Transcript,https://scrapsfromtheloft.com/2018/07/21/hannah-gadsby-nanette-transcript/,Hannah Gadsby,Hannah Gadsby: Nanette ,2018.0
171,BRAD WILLIAMS: DADDY ISSUES (2016) – Full Transcript,https://scrapsfromtheloft.com/2018/07/20/brad-williams-daddy-issues-transcript/,BRAD WILLIAMS,BRAD WILLIAMS: DADDY ISSUES ,2016.0
172,Deray Davis: How To Act Black (2017) – Transcript,https://scrapsfromtheloft.com/2018/07/18/deray-davis-how-to-act-black-transcript/,Deray Davis,Deray Davis: How To Act Black ,2017.0
173,RICKY GERVAIS: LIVE IV – SCIENCE (2010) – Full Transcript,https://scrapsfromtheloft.com/2018/07/18/ricky-gervais-live-iv-science-transcript/,RICKY GERVAIS,RICKY GERVAIS: LIVE IV ,2010.0
174,JIM JEFFERIES: THIS IS ME NOW (2018) – Full transcript,https://scrapsfromtheloft.com/2018/07/14/jim-jefferies-this-is-me-now-transcript/,JIM JEFFERIES,JIM JEFFERIES: THIS IS ME NOW ,2018.0
175,Bill Burr: The Philadelphia Incident (2006) – Transcript,https://scrapsfromtheloft.com/2018/07/06/bill-burr-the-philadelphia-incident-2006-transcript/,Bill Burr,Bill Burr: The Philadelphia Incident ,2006.0
176,RUSSELL PETERS: OUTSOURCED (2006) – Full Transcript,https://scrapsfromtheloft.com/2018/07/02/russell-peters-outsourced-transcript/,RUSSELL PETERS,RUSSELL PETERS: OUTSOURCED ,2006.0
177,RUSSELL PETERS: ALMOST FAMOUS (2016) – Full Transcript,https://scrapsfromtheloft.com/2018/06/29/russell-peters-almost-famous-2016-full-transcript/,RUSSELL PETERS,RUSSELL PETERS: ALMOST FAMOUS ,2016.0
178,RON WHITE: A LITTLE UNPROFESSIONAL (2012) – Full Transcript,https://scrapsfromtheloft.com/2018/06/22/ron-white-a-little-unprofessional-transcript/,RON WHITE,RON WHITE: A LITTLE UNPROFESSIONAL ,2012.0
179,MICHAEL MCINTYRE: HELLO WEMBLEY! (2009) – Full Transcript,https://scrapsfromtheloft.com/2018/06/13/michael-mcintyre-hello-wembley-transcript/,MICHAEL MCINTYRE,MICHAEL MCINTYRE: HELLO WEMBLEY! ,2009.0
180,KEVIN SMITH: SILENT BUT DEADLY (2018) – Full Transcript,https://scrapsfromtheloft.com/2018/06/05/kevin-smith-silent-but-deadly-transcript/,KEVIN SMITH,KEVIN SMITH: SILENT BUT DEADLY ,2018.0
181,KEVIN JAMES: NEVER DON’T GIVE UP (2018) – Full Transcript,https://scrapsfromtheloft.com/2018/05/27/kevin-james-never-dont-give-up-full-transcript/,KEVIN JAMES,KEVIN JAMES: NEVER DON’T GIVE UP ,2018.0
182,TREVOR NOAH: LIVE AT THE O2 LONDON (2018) – PRINCE HARRY & MEGHAN MARKLE’S ROYAL WEDDING,https://scrapsfromtheloft.com/2018/05/23/trevor-noah-royal-wedding-2018/,TREVOR NOAH,TREVOR NOAH: LIVE AT THE O2 LONDON ,2018.0
183,BRENT MORIN: I’M BRENT MORIN (2015) – Full Transcript,https://scrapsfromtheloft.com/2018/05/20/brent-morin-im-brent-morin-2015-full-transcript/,BRENT MORIN,BRENT MORIN: I’M BRENT MORIN ,2015.0
184,NIKKI GLASER: PERFECT (2016) – Full Transcript,https://scrapsfromtheloft.com/2018/05/16/nikki-glaser-perfect-2016-full-transcript/,NIKKI GLASER,NIKKI GLASER: PERFECT ,2016.0
185,DOUG STANHOPE ON NATIONALISM,https://scrapsfromtheloft.com/2018/05/16/doug-stanhope-on-nationalism/,DOUG STANHOPE ON NATIONALISM,DOUG STANHOPE ON NATIONALISM,
186,Ali Wong: Hard Knock Wife (2018) – Transcript,https://scrapsfromtheloft.com/2018/05/15/ali-wong-hard-knock-wife-full-transcript/,Ali Wong,Ali Wong: Hard Knock Wife ,2018.0
187,KAVIN JAY: EVERYBODY CALM DOWN! (2018) – Full Transcript,https://scrapsfromtheloft.com/2018/05/06/kavin-jay-everybody-calm-down-full-transcript/,KAVIN JAY,KAVIN JAY: EVERYBODY CALM DOWN! ,2018.0
188,John Mulaney: Kid Gorgeous At Radio City (2018) – Transcript,https://scrapsfromtheloft.com/2018/05/05/john-mulaney-kid-gorgeous-at-radio-city-full-transcript/,John Mulaney,John Mulaney: Kid Gorgeous At Radio City ,2018.0
189,Eddie Griffin: Undeniable (2018) – Transcript,https://scrapsfromtheloft.com/2018/05/01/eddie-griffin-undeniable-2018-full-transcript/,Eddie Griffin,Eddie Griffin: Undeniable ,2018.0
190,GREG DAVIES: YOU MAGNIFICENT BEAST (2018) – Full Transcript,https://scrapsfromtheloft.com/2018/04/27/greg-davies-you-magnificent-beast-full-transcript/,GREG DAVIES,GREG DAVIES: YOU MAGNIFICENT BEAST ,2018.0
191,COMEDY CENTRAL PRESENTS: PATTON OSWALT (1999) – Full Transcript,https://scrapsfromtheloft.com/2018/04/20/comedy-central-patton-oswalt-1999-full-transcript/,COMEDY CENTRAL PRESENTS,COMEDY CENTRAL PRESENTS: PATTON OSWALT ,1999.0
192,RICKY GERVAIS: 2012 GOLDEN GLOBES OPENING MONOLOGUE,https://scrapsfromtheloft.com/2018/03/27/ricky-gervais-2012-golden-globes-opening-monologue/,RICKY GERVAIS,RICKY GERVAIS: 2012 GOLDEN GLOBES OPENING MONOLOGUE,2012.0
193,Marlon Wayans: Woke-Ish (2018) – Transcript,https://scrapsfromtheloft.com/2018/03/21/marlon-wayans-wokeish-transcript/,Marlon Wayans,Marlon Wayans: Woke,2018.0
194,RICKY GERVAIS: HUMANITY (2018) – Full Transcript,https://scrapsfromtheloft.com/2018/03/15/ricky-gervais-humanity-transcript/,RICKY GERVAIS,RICKY GERVAIS: HUMANITY ,2018.0
195,ADEL KARAM: LIVE FROM BEIRUT (2018) – Full Transcript,https://scrapsfromtheloft.com/2018/03/12/adel-karam-live-from-beirut-transcript/,ADEL KARAM,ADEL KARAM: LIVE FROM BEIRUT ,2018.0
196,STEWART LEE: 90s COMEDIAN (2006) – Full Transcript,https://scrapsfromtheloft.com/2018/03/06/stewart-lee-90s-comedian-2006-full-transcript/,STEWART LEE,STEWART LEE: 90s COMEDIAN ,2006.0
197,MIKE BIRBIGLIA: MY GIRLFRIEND’S BOYFRIEND (2013) – Full Transcript,https://scrapsfromtheloft.com/2018/03/03/mike-birbiglia-my-girlfriends-boyfriend-2013-full-transcript/,MIKE BIRBIGLIA,MIKE BIRBIGLIA: MY GIRLFRIEND’S BOYFRIEND ,2013.0
198,DAVE ATTELL: ROAD WORK (2014) – Full Transcript,https://scrapsfromtheloft.com/2018/02/25/dave-attell-road-work-transcript/,DAVE ATTELL,DAVE ATTELL: ROAD WORK ,2014.0
199,EDDIE IZZARD – GLORIOUS (1997) – Full Transcript,https://scrapsfromtheloft.com/2018/02/22/eddie-izzard-glorious-1997-full-transcript/,EDDIE IZZARD ,EDDIE IZZARD ,1997.0
200,Chris Rock: Bring the Pain (1996) – Transcript,https://scrapsfromtheloft.com/2018/02/17/chris-rock-bring-pain-transcript/,Chris Rock,Chris Rock: Bring the Pain ,1996.0
201,ARI SHAFFIR: DOUBLE NEGATIVE (2017) – Full Transcript,https://scrapsfromtheloft.com/2018/02/17/ari-shaffir-double-negative-transcript/,ARI SHAFFIR,ARI SHAFFIR: DOUBLE NEGATIVE ,2017.0
202,Chris Rock: Tamborine (2018) – Transcript,https://scrapsfromtheloft.com/2018/02/15/chris-rock-tamborine-transcript/,Chris Rock,Chris Rock: Tamborine ,2018.0
203,FRED ARMISEN: STANDUP FOR DRUMMERS (2018) – Full Transcript,https://scrapsfromtheloft.com/2018/02/13/fred-armisen-standup-for-drummers-transcript/,FRED ARMISEN,FRED ARMISEN: STANDUP FOR DRUMMERS ,2018.0
204,"DANA CARVEY: STRAIGHT WHITE MALE, 60 (2016) – Full Transcript",https://scrapsfromtheloft.com/2018/02/11/dana-carvey-straight-white-male-60-2016-full-transcript/,DANA CARVEY,"DANA CARVEY: STRAIGHT WHITE MALE, 60 ",2016.0
205,EDDIE IZZARD: STRIPPED (2009) – Full Transcript,https://scrapsfromtheloft.com/2018/02/08/eddie-izzard-stripped-2009-full-transcript/,EDDIE IZZARD,EDDIE IZZARD: STRIPPED ,2009.0
206,TODD GLASS: ACT HAPPY (2018) – Full Transcript,https://scrapsfromtheloft.com/2018/01/30/todd-glass-act-happy-transcript/,TODD GLASS,TODD GLASS: ACT HAPPY ,2018.0
207,BRIAN REGAN: STANDING UP (2007) – Full Transcript,https://scrapsfromtheloft.com/2018/01/29/brian-regan-standing-up-2007-full-transcript/,BRIAN REGAN,BRIAN REGAN: STANDING UP ,2007.0
208,BRIAN REGAN: NUNCHUCKS AND FLAMETHROWERS (2017) – Full Transcript,https://scrapsfromtheloft.com/2018/01/28/brian-regan-nunchucks-flamethrowers-transcript/,BRIAN REGAN,BRIAN REGAN: NUNCHUCKS AND FLAMETHROWERS ,2017.0
209,Katt Williams: Great America (2018) – Transcript,https://scrapsfromtheloft.com/2018/01/27/katt-williams-great-america-transcript/,Katt Williams,Katt Williams: Great America ,2018.0
210,JIMMY CARR: BEING FUNNY (2011) – Full Transcript,https://scrapsfromtheloft.com/2018/01/25/jimmy-carr-being-funny-transcript/,JIMMY CARR,JIMMY CARR: BEING FUNNY ,2011.0
211,JIMMY CARR: LAUGHING AND JOKING (2013) – Full Transcript,https://scrapsfromtheloft.com/2018/01/23/jimmy-carr-laughing-and-joking-2013-full-transcript/,JIMMY CARR,JIMMY CARR: LAUGHING AND JOKING ,2013.0
212,EDDIE IZZARD: UNREPEATABLE (1994) – Full Transcript,https://scrapsfromtheloft.com/2018/01/21/eddie-izzard-unrepeatable-transcript/,EDDIE IZZARD,EDDIE IZZARD: UNREPEATABLE ,1994.0
213,D.L. Hughley: Unapologetic (2007) – Transcript,https://scrapsfromtheloft.com/2018/01/19/d-l-hughley-unapologetic-transcript/,D.L. Hughley,D.L. Hughley: Unapologetic ,2007.0
214,BRIDGET EVERETT: GYNECOLOGICAL WONDER (2015) – Full Transcript,https://scrapsfromtheloft.com/2018/01/19/bridget-everett-gynecological-wonder-2015-full-transcript/,BRIDGET EVERETT,BRIDGET EVERETT: GYNECOLOGICAL WONDER ,2015.0
215,Chris Rock: Never Scared (2004) – Transcript,https://scrapsfromtheloft.com/2018/01/19/chris-rock-never-scared-2004-full-transcript/,Chris Rock,Chris Rock: Never Scared ,2004.0
216,Stewart Lee: Stand-Up Comedian (2005) – Transcript,https://scrapsfromtheloft.com/2018/01/17/stewart-lee-standup-comedian-full-transcript/,Stewart Lee,Stewart Lee: Stand,2005.0
217,JIMMY CARR: FUNNY BUSINESS (2016) – Full Transcript,https://scrapsfromtheloft.com/2018/01/17/jimmy-carr-funny-business-transcript/,JIMMY CARR,JIMMY CARR: FUNNY BUSINESS ,2016.0
218,Eddie Izzard: Dress To Kill (1999) – Transcript,https://scrapsfromtheloft.com/2018/01/15/eddie-izzard-dress-kill-1999-full-transcript/,Eddie Izzard,Eddie Izzard: Dress To Kill ,1999.0
219,Chris Tucker: Live (2015) – Transcript,https://scrapsfromtheloft.com/2018/01/14/chris-tucker-live-2015-transcript/,Chris Tucker,Chris Tucker: Live ,2015.0
220,Kevin Hart: What Now (2016) – Transcript,https://scrapsfromtheloft.com/2018/01/14/kevin-hart-what-now-2016-full-transcript/,Kevin Hart,Kevin Hart: What Now ,2016.0
221,Kevin Hart: Let Me Explain (2013) – Transcript,https://scrapsfromtheloft.com/2018/01/14/kevin-hart-let-me-explain-2013-full-transcript/,Kevin Hart,Kevin Hart: Let Me Explain ,2013.0
222,Tom Segura: Disgraceful (2018) – Transcript,https://scrapsfromtheloft.com/2018/01/13/tom-segura-disgraceful-2018-full-transcript/,Tom Segura,Tom Segura: Disgraceful ,2018.0
223,"BILL HICKS: LIVE AT LAFF STOP, AUSTIN, TX, AND COBBS, SAN FRANCISCO, CA (1993) – Full Transcript",https://scrapsfromtheloft.com/2018/01/12/bill-hicks-live-at-laff-stop-austin-tx-and-cobbs-san-francisco-ca-1993/,BILL HICKS,"BILL HICKS: LIVE AT LAFF STOP, AUSTIN, TX, AND COBBS, SAN FRANCISCO, CA ",1993.0
224,MICHELLE WOLF: NICE LADY (2017) – Full Transcript,https://scrapsfromtheloft.com/2018/01/12/michelle-wolf-nice-lady-2017-full-transcript/,MICHELLE WOLF,MICHELLE WOLF: NICE LADY ,2017.0
225,FAHIM ANWAR: THERE’S NO BUSINESS LIKE SHOW BUSINESS (2017) – Transcript,https://scrapsfromtheloft.com/2018/01/10/fahim-anwar-theres-no-business-like-show-business-2017-full-transcript/,FAHIM ANWAR,FAHIM ANWAR: THERE’S NO BUSINESS LIKE SHOW BUSINESS ,2017.0
226,ELLEN DEGENERES: THE BEGINNING (2000) – Full Transcript,https://scrapsfromtheloft.com/2018/01/10/ellen-degeneres-the-beginning-2000-full-transcript/,ELLEN DEGENERES,ELLEN DEGENERES: THE BEGINNING ,2000.0
227,MAZ JOBRANI: IMMIGRANT (2017) – Full Transcript,https://scrapsfromtheloft.com/2018/01/09/maz-jobrani-immigrant-2017-full-transcript/,MAZ JOBRANI,MAZ JOBRANI: IMMIGRANT ,2017.0
228,TODD BARRY: SPICY HONEY (2017) – Full Transcript,https://scrapsfromtheloft.com/2018/01/08/todd-barry-spicy-honey-2017-full-transcript/,TODD BARRY,TODD BARRY: SPICY HONEY ,2017.0
229,JERRY SEINFELD: I’M TELLING YOU FOR THE LAST TIME (1998) – Full Transcript,https://scrapsfromtheloft.com/2018/01/07/jerry-seinfeld-im-telling-you-for-the-last-time-full-transcript/,JERRY SEINFELD,JERRY SEINFELD: I’M TELLING YOU FOR THE LAST TIME ,1998.0
230,Craig Ferguson: Does This Need To Be Said? (2011) – Transcript,https://scrapsfromtheloft.com/2018/01/07/craig-ferguson-does-this-need-to-be-said-transcript/,Craig Ferguson,Craig Ferguson: Does This Need To Be Said? ,2011.0
231,CRAIG FERGUSON: TICKLE FIGHT (2017) – Full Transcript,https://scrapsfromtheloft.com/2018/01/07/craig-ferguson-tickle-fight-2017-full-transcript/,CRAIG FERGUSON,CRAIG FERGUSON: TICKLE FIGHT ,2017.0
232,"DYLAN MORAN: LIKE, TOTALLY… (2006) – Full Transcript",https://scrapsfromtheloft.com/2018/01/05/dylan-moran-like-totally-2006-full-transcript/,DYLAN MORAN,"DYLAN MORAN: LIKE, TOTALLY",2006.0
233,DAVE CHAPPELLE: EQUANIMITY (2017) – Transcripción completa,https://scrapsfromtheloft.com/2018/01/05/dave-chappelle-equanimity-2017-transcripcion-completa/,DAVE CHAPPELLE,DAVE CHAPPELLE: EQUANIMITY ,2017.0
234,DAVE CHAPPELLE: THE BIRD REVELATION (2017) – Transcripción completa,https://scrapsfromtheloft.com/2018/01/05/dave-chappelle-bird-revelation-2017-transcripcion-completa/,DAVE CHAPPELLE,DAVE CHAPPELLE: THE BIRD REVELATION ,2017.0
235,DAVE CHAPPELLE: HBO HALF HOUR (1998) – Traduzione italiana,https://scrapsfromtheloft.com/2018/01/05/dave-chappelle-hbo-half-hour-1998-traduzione-italiana/,DAVE CHAPPELLE,DAVE CHAPPELLE: HBO HALF HOUR ,1998.0
236,TREVOR NOAH: LIVE AT THE APOLLO (2013) – Transcript,https://scrapsfromtheloft.com/2018/01/04/trevor-noah-live-at-the-apollo-2013-transcript/,TREVOR NOAH,TREVOR NOAH: LIVE AT THE APOLLO ,2013.0
237,Dave Chappelle: The Bird Revelation (2017) – Transcript,https://scrapsfromtheloft.com/2018/01/03/dave-chappelle-the-bird-revelation-2017-full-transcript/,Dave Chappelle,Dave Chappelle: The Bird Revelation ,2017.0
238,Dave Chappelle: Equanimity (2017) – Transcript,https://scrapsfromtheloft.com/2018/01/03/dave-chappelle-equanimity-2017-full-transcript/,Dave Chappelle,Dave Chappelle: Equanimity ,2017.0
239,CRAIG FERGUSON: I’M HERE TO HELP (2013) – Full Transcript,https://scrapsfromtheloft.com/2018/01/02/craig-ferguson-im-here-to-help-2013-full-transcript/,CRAIG FERGUSON,CRAIG FERGUSON: I’M HERE TO HELP ,2013.0
240,RUSSELL HOWARD: RECALIBRATE (2017) – Full Transcript,https://scrapsfromtheloft.com/2018/01/02/russell-howard-recalibrate-2017-full-transcript/,RUSSELL HOWARD,RUSSELL HOWARD: RECALIBRATE ,2017.0
241,WHITNEY CUMMINGS: I LOVE YOU (2014) – Full Transcript,https://scrapsfromtheloft.com/2017/12/25/whitney-cummings-i-love-2014-full-transcript/,WHITNEY CUMMINGS,WHITNEY CUMMINGS: I LOVE YOU ,2014.0
242,WHITNEY CUMMINGS: I’M YOUR GIRLFRIEND (2016) – Full Transcript,https://scrapsfromtheloft.com/2017/12/25/whitney-cummings-im-your-girlfriend-2016-full-transcript/,WHITNEY CUMMINGS,WHITNEY CUMMINGS: I’M YOUR GIRLFRIEND ,2016.0
243,SARAH MILLICAN: CHATTERBOX LIVE (2011) – Full Transcript,https://scrapsfromtheloft.com/2017/12/24/sarah-millican-chatterbox-live-2011-full-transcript/,SARAH MILLICAN,SARAH MILLICAN: CHATTERBOX LIVE ,2011.0
244,Anjelah Johnson: Not Fancy (2015) – Full Transcript,https://scrapsfromtheloft.com/2017/12/20/anjelah-johnson-not-fancy-transcript/,Anjelah Johnson,Anjelah Johnson: Not Fancy ,2015.0
245,RICKY GERVAIS LIVE 2: POLITICS (2004) – Full Transcript,https://scrapsfromtheloft.com/2017/12/16/ricky-gervais-live-2-politics-2004-full-transcript/,RICKY GERVAIS LIVE 2,RICKY GERVAIS LIVE 2: POLITICS ,2004.0
246,Russell Howard Live: Dingledodies (2009) – Full Transcript,https://scrapsfromtheloft.com/2017/12/16/russell-howard-live-dingledodies-2009-full-transcript/,Russell Howard Live,Russell Howard Live: Dingledodies ,2009.0
247,CHRISTINA PAZSITZKY: MOTHER INFERIOR (2017) – FULL TRANSCRIPT,https://scrapsfromtheloft.com/2017/12/10/christina-pazsitzky-mother-inferior-transcript/,CHRISTINA PAZSITZKY,CHRISTINA PAZSITZKY: MOTHER INFERIOR ,2017.0
248,Jack Whitehall: At Large (2017) – Transcript,https://scrapsfromtheloft.com/2017/12/09/jack-whitehall-at-large-2017-full-transcript/,Jack Whitehall,Jack Whitehall: At Large ,2017.0
249,CRISTELA ALONZO: LOWER CLASSY (2017) – Full Transcript,https://scrapsfromtheloft.com/2017/12/09/cristela-alonzo-lower-classy-2017-full-transcript/,CRISTELA ALONZO,CRISTELA ALONZO: LOWER CLASSY ,2017.0
250,JUDAH FRIEDLANDER: AMERICA IS THE GREATEST COUNTRY IN THE UNITED STATES (2017) – Full Transcript,https://scrapsfromtheloft.com/2017/12/08/judah-friedlander-america-is-the-greatest-country-in-the-united-states-2017-full-transcript/,JUDAH FRIEDLANDER,JUDAH FRIEDLANDER: AMERICA IS THE GREATEST COUNTRY IN THE UNITED STATES ,2017.0
251,AZIZ ANSARI: LIVE IN MADISON SQUARE GARDEN (2015) – Full Transcript,https://scrapsfromtheloft.com/2017/12/07/aziz-ansari-live-in-madison-square-garden-2015-full-transcript/,AZIZ ANSARI,AZIZ ANSARI: LIVE IN MADISON SQUARE GARDEN ,2015.0
252,AZIZ ANSARI: BURIED ALIVE (2013) – Full Transcript,https://scrapsfromtheloft.com/2017/12/07/aziz-ansari-buried-alive-2013-full-transcript/,AZIZ ANSARI,AZIZ ANSARI: BURIED ALIVE ,2013.0
253,PAUL MOONEY: A PIECE OF MY MIND – GODBLESS AMERICA (2014) – Full Transcript,https://scrapsfromtheloft.com/2017/12/01/paul-mooney-piece-mind-godbless-america-2014-full-transcript/,PAUL MOONEY,PAUL MOONEY: A PIECE OF MY MIND ,2014.0
254,PATTON OSWALT: ANNIHILATION (2017) – Full Transcript,https://scrapsfromtheloft.com/2017/11/26/patton-oswalt-annihilation-2017-full-transcript/,PATTON OSWALT,PATTON OSWALT: ANNIHILATION ,2017.0
255,"Chris Rock: Kill The Messenger – London, New York, Johannesburg (2008) – Transcript",https://scrapsfromtheloft.com/2017/11/25/chris-rock-kill-the-messenger-london-new-york-johannesburg-2008-movie-script/,Chris Rock,Chris Rock: Kill The Messenger ,2008.0
256,BILL MAHER: LIVE FROM D.C. (2014) – Full Transcript,https://scrapsfromtheloft.com/2017/11/23/bill-maher-live-from-d-c-2014-full-transcript/,BILL MAHER,BILL MAHER: LIVE FROM D.C. ,2014.0
257,Sarah Silverman: Jesus Is Magic (2005) – Transcript,https://scrapsfromtheloft.com/2017/11/10/sarah-silverman-jesus-is-magic-2005-full-transcript/,Sarah Silverman,Sarah Silverman: Jesus Is Magic ,2005.0
258,SARAH SILVERMAN: WE ARE MIRACLES (2013) – Full Transcript,https://scrapsfromtheloft.com/2017/11/10/sarah-silverman-we-are-miracles-2013-full-transcript/,SARAH SILVERMAN,SARAH SILVERMAN: WE ARE MIRACLES ,2013.0
259,Pablo Francisco: Ouch! Live From San Jose (2006) – Full Transcript,https://scrapsfromtheloft.com/2017/11/09/pablo-francisco-ouch-live-san-jose-2006-full-transcript/,Pablo Francisco,Pablo Francisco: Ouch! Live From San Jose ,2006.0
260,BILL MAHER… BUT I’M NOT WRONG (2010) – Full Transcript,https://scrapsfromtheloft.com/2017/11/08/bill-maher-but-im-not-wrong-2010-full-transcript/,BILL MAHER,BILL MAHER,2010.0
261,RUSSELL BRAND: MESSIAH COMPLEX (2013) – Full Transcript,https://scrapsfromtheloft.com/2017/11/07/russell-brand-messiah-complex-2013-full-transcript/,RUSSELL BRAND,RUSSELL BRAND: MESSIAH COMPLEX ,2013.0
262,Chris Rock: Bigger & Blacker (1999) – Transcript,https://scrapsfromtheloft.com/2017/11/07/chris-rock-bigger-blacker-1999-full-transcript/,Chris Rock,Chris Rock: Bigger ,1999.0
263,Gabriel Iglesias: Hot And Fluffy (2007) – Transcript,https://scrapsfromtheloft.com/2017/11/07/gabriel-iglesias-hot-and-fluffy-2007-full-transcript/,Gabriel Iglesias,Gabriel Iglesias: Hot And Fluffy ,2007.0
264,GABRIEL IGLESIAS: I’M NOT FAT … I’M FLUFFY (2009) – Full Transcript,https://scrapsfromtheloft.com/2017/11/07/gabriel-iglesias-im-not-fat-im-fluffy-2009-full-transcript/,GABRIEL IGLESIAS,GABRIEL IGLESIAS: I’M NOT FAT ,2009.0
265,GABRIEL IGLESIAS: I’M SORRY FOR WHAT I SAID WHEN I WAS HUNGRY (2016) – Full Transcript,https://scrapsfromtheloft.com/2017/11/06/gabriel-iglesias-im-sorry-for-what-i-said-when-i-was-hungry-2016-full-transcript/,GABRIEL IGLESIAS,GABRIEL IGLESIAS: I’M SORRY FOR WHAT I SAID WHEN I WAS HUNGRY ,2016.0
266,GEORGE CARLIN ON ABORTION AND “PRO-LIFERS”,https://scrapsfromtheloft.com/2017/10/25/george-carlin-pro-life-abortion-and-the-sanctity-of-life/,GEORGE CARLIN ON ABORTION AND ,GEORGE CARLIN ON ABORTION AND ,
267,RICHARD PRYOR’S MONOLOGUE AT THE SATURDAY NIGHT LIVE [ 13/12/1975],https://scrapsfromtheloft.com/2017/10/25/richard-pryors-monologue-saturday-night-live-1975/,RICHARD PRYOR,RICHARD PRYOR’S MONOLOGUE AT THE SATURDAY NIGHT LIVE ,1975.0
268,Protected: Frankie Boyle Live 2: If I Could Reach Out Through Your Tv and Strangle You I Would (2010) – Transcript,https://scrapsfromtheloft.com/2017/10/18/frankie-boyle-if-i-could-reach-out-through-your-tv-transcript/,Protected,Protected: Frankie Boyle Live 2: If I Could Reach Out Through Your Tv and Strangle You I Would ,2010.0
269,Protected: FRANKIE BOYLE: HURT LIKE YOU’VE NEVER BEEN LOVED (2015) – Full Transcript,https://scrapsfromtheloft.com/2017/10/15/frankie-boyle-hurt-like-you-ve-never-been-loved-transcript/,Protected,Protected: FRANKIE BOYLE: HURT LIKE YOU’VE NEVER BEEN LOVED ,2015.0
270,Protected: Frankie Boyle Live – The Last Days Of Sodom (2012) – Transcript,https://scrapsfromtheloft.com/2017/10/15/frankie-boyle-live-the-last-days-of-sodom-2012-full-transcript/,Protected,Protected: Frankie Boyle Live ,2012.0
271,RORY SCOVEL TRIES STAND-UP FOR THE FIRST TIME (2017) – Full Transcript,https://scrapsfromtheloft.com/2017/10/15/rory-scovel-tries-stand-up-for-the-first-time-a-netflix-special/,RORY SCOVEL TRIES STAND,RORY SCOVEL TRIES STAND,2017.0
272,LISA LAMPANELLI: BACK TO THE DRAWING BOARD (2015) – Full Transcript,https://scrapsfromtheloft.com/2017/10/10/lisa-lampanelli-back-to-the-drawing-board-2015-full-transcript/,LISA LAMPANELLI,LISA LAMPANELLI: BACK TO THE DRAWING BOARD ,2015.0
273,COMEDY CENTRAL PRESENTS: DAVE ATTELL (1999) – Full Transcript,https://scrapsfromtheloft.com/2017/10/10/comedy-central-presents-dave-attell-1999-full-transcript/,COMEDY CENTRAL PRESENTS,COMEDY CENTRAL PRESENTS: DAVE ATTELL ,1999.0
274,ERIK GRIFFIN: THE UGLY TRUTH (2017) – Full Transcript,https://scrapsfromtheloft.com/2017/10/08/erik-griffin-the-ugly-truth-2017-full-transcript/,ERIK GRIFFIN,ERIK GRIFFIN: THE UGLY TRUTH ,2017.0
275,CHRIS ROCK AT THE SATURDAY NIGHT LIVE (1996) – Transcript,https://scrapsfromtheloft.com/2017/10/08/chris-rocks-monologue-saturday-night-live-1996/,CHRIS ROCK AT THE SATURDAY NIGHT LIVE ,CHRIS ROCK AT THE SATURDAY NIGHT LIVE ,1996.0
276,JEN KIRKMAN: JUST KEEP LIVIN’? (2017) – Full Transcript,https://scrapsfromtheloft.com/2017/10/07/jen-kirkman-just-keep-livin-2017-full-transcript/,JEN KIRKMAN,JEN KIRKMAN: JUST KEEP LIVIN’? ,2017.0
277,COMEDY CENTRAL PRESENTS: DANIEL TOSH (2003) – Full Transcript,https://scrapsfromtheloft.com/2017/10/04/comedy-central-presents-daniel-tosh-2003-full-transcript/,COMEDY CENTRAL PRESENTS,COMEDY CENTRAL PRESENTS: DANIEL TOSH ,2003.0
278,GEORGE CARLIN: RELIGION IS BULLSHIT [TRANSCRIPT],https://scrapsfromtheloft.com/2017/10/03/george-carlin-religion-is-bullshit/,GEORGE CARLIN,GEORGE CARLIN: RELIGION IS BULLSHIT ,
279,Saturday Night News with George Carlin [11/10/1984] – Full Transcript,https://scrapsfromtheloft.com/2017/10/03/saturday-night-news-with-george-carlin-11-10-1984-transcript/,Saturday Night News with George Carlin ,Saturday Night News with George Carlin ,1984.0
280,JIM JEFFERIES E IL CONTROLLO DELLE ARMI IN AMERICA,https://scrapsfromtheloft.com/2017/10/02/jim-jefferies-e-il-controllo-della-armi-in-america/,JIM JEFFERIES E IL CONTROLLO DELLE ARMI IN AMERICA,JIM JEFFERIES E IL CONTROLLO DELLE ARMI IN AMERICA,
281,DANIEL TOSH: COMPLETELY SERIOUS (2007) – Full Transcript,https://scrapsfromtheloft.com/2017/09/30/daniel-tosh-completely-serious-2007-full-transcript/,DANIEL TOSH,DANIEL TOSH: COMPLETELY SERIOUS ,2007.0
282,AL MADRIGAL: WHY IS THE RABBIT CRYING? (2013) – Full Transcript,https://scrapsfromtheloft.com/2017/09/30/al-madrigal-why-is-the-rabbit-crying-2013-full-transcript/,AL MADRIGAL,AL MADRIGAL: WHY IS THE RABBIT CRYING? ,2013.0
283,NEAL BRENNAN: 3 MICS (2017)- FULL TRANSCRIPT,https://scrapsfromtheloft.com/2017/09/28/neal-brennan-3-mics-2017-full-transcript/,NEAL BRENNAN,NEAL BRENNAN: 3 MICS ,2017.0
284,NORM MACDONALD: ONE NIGHT STAND (1991) – Full Transcript,https://scrapsfromtheloft.com/2017/09/27/norm-macdonald-one-night-stand-1991/,NORM MACDONALD,NORM MACDONALD: ONE NIGHT STAND ,1991.0
285,John Mulaney: New In Town (2012) – Transcript,https://scrapsfromtheloft.com/2017/09/25/john-mulaney-new-in-town-2012-full-transcript/,John Mulaney,John Mulaney: New In Town ,2012.0
286,Donald Glover: Weirdo (2012) – Transcript,https://scrapsfromtheloft.com/2017/09/20/donald-glover-weirdo-transcript/,Donald Glover,Donald Glover: Weirdo ,2012.0
287,ALI WONG: BABY COBRA (2016) – Full Transcript,https://scrapsfromtheloft.com/2017/09/19/ali-wong-baby-cobra-2016-full-transcript/,ALI WONG,ALI WONG: BABY COBRA ,2016.0
288,"NORM MACDONALD: HITLER’S DOG, GOSSIP & TRICKERY (2017) – Full Transcript",https://scrapsfromtheloft.com/2017/09/18/norm-macdonald-hitlers-dog-gossip-trickery-2017-full-transcript/,NORM MACDONALD,"NORM MACDONALD: HITLER’S DOG, GOSSIP ",2017.0
289,DANIEL TOSH: PEOPLE PLEASER (2016) – FULL TRANSCRIPT,https://scrapsfromtheloft.com/2017/09/17/daniel-tosh-people-pleaser-2016-full-transcript/,DANIEL TOSH,DANIEL TOSH: PEOPLE PLEASER ,2016.0
290,Marc Maron: More Later (2015) – Full Transcript,https://scrapsfromtheloft.com/2017/09/17/marc-maron-more-later-2015-full-transcript/,Marc Maron,Marc Maron: More Later ,2015.0
291,Dylan Moran: Off The Hook (2015) – Transcript,https://scrapsfromtheloft.com/2017/09/13/dylan-moran-off-the-hook-2015-full-transcript/,Dylan Moran,Dylan Moran: Off The Hook ,2015.0
292,Richard Pryor: Live And Smokin’ (1971) – Transcript,https://scrapsfromtheloft.com/2017/09/10/richard-pryor-live-and-smokin-1971-full-transcript/,Richard Pryor,Richard Pryor: Live And Smokin’ ,1971.0
293,RICHARD PRYOR: …HERE AND NOW (1983) – Full Transcript,https://scrapsfromtheloft.com/2017/09/10/richard-pryor-here-and-now-1983/,RICHARD PRYOR,RICHARD PRYOR: ,1983.0
294,BILL BURR: WHY DO I DO THIS (2008) – Testo italiano completo,https://scrapsfromtheloft.com/2017/09/08/bill-burr-i-2008-testo-italiano-completo/,BILL BURR,BILL BURR: WHY DO I DO THIS ,2008.0
295,AMY SCHUMER: MOSTLY SEX STUFF (2012) – Full Transcript,https://scrapsfromtheloft.com/2017/09/08/amy-schumer-mostly-sex-stuff-2012-full-transcript/,AMY SCHUMER,AMY SCHUMER: MOSTLY SEX STUFF ,2012.0
296,Jim Jefferies: Alcoholocaust (2010) – Transcript,https://scrapsfromtheloft.com/2017/09/07/jim-jefferies-alcoholocaust-2010-full-transcript/,Jim Jefferies,Jim Jefferies: Alcoholocaust ,2010.0
297,AMY SCHUMER: LIVE AT THE APOLLO (2015) – Full Transcript,https://scrapsfromtheloft.com/2017/09/05/amy-schumer-live-apollo-2015-full-transcript/,AMY SCHUMER,AMY SCHUMER: LIVE AT THE APOLLO ,2015.0
298,Kevin Hart: Seriously Funny (2010) – Transcript,https://scrapsfromtheloft.com/2017/09/02/kevin-hart-seriously-funny-2010-full-transcript/,Kevin Hart,Kevin Hart: Seriously Funny ,2010.0
299,Hannibal Buress: Comedy Camisado (2016) – Transcript,https://scrapsfromtheloft.com/2017/08/31/hannibal-buress-comedy-camisado-2016-full-transcript/,Hannibal Buress,Hannibal Buress: Comedy Camisado ,2016.0
300,Neal Brennan: Women And Black Dudes (2014) – Transcript,https://scrapsfromtheloft.com/2017/08/31/neal-brennan-women-and-black-dudes-transcript/,Neal Brennan,Neal Brennan: Women And Black Dudes ,2014.0
301,NICK OFFERMAN: AMERICAN HAM (2014) – Full Transcript,https://scrapsfromtheloft.com/2017/08/31/nick-offerman-american-ham-2014-full-transcript/,NICK OFFERMAN,NICK OFFERMAN: AMERICAN HAM ,2014.0
302,AZIZ ANSARI: INTIMATE MOMENTS FOR A SENSUAL EVENING (2010) – Full Transcript,https://scrapsfromtheloft.com/2017/08/30/aziz-ansari-intimate-moments-sensual-evening-2010-full-transcript/,AZIZ ANSARI,AZIZ ANSARI: INTIMATE MOMENTS FOR A SENSUAL EVENING ,2010.0
303,BIG JAY OAKERSON: LIVE AT WEBSTER HALL (2016) – Full Transcript,https://scrapsfromtheloft.com/2017/08/26/big-jay-oakerson-live-webster-hall-2016-full-transcript/,BIG JAY OAKERSON,BIG JAY OAKERSON: LIVE AT WEBSTER HALL ,2016.0
304,Lenny Bruce: The Berkeley Concert (1965) – Transcript,https://scrapsfromtheloft.com/2017/08/25/lenny-bruce-berkeley-concert-1965-full-transcript/,Lenny Bruce,Lenny Bruce: The Berkeley Concert ,1965.0
305,DOUG STANHOPE: NO REFUNDS (2007) – Trascrizione italiana,https://scrapsfromtheloft.com/2017/08/23/doug-stanhope-no-refunds-2007-trascrizione-italiana/,DOUG STANHOPE,DOUG STANHOPE: NO REFUNDS ,2007.0
306,George Carlin at USC (1977) – Full Transcript,https://scrapsfromtheloft.com/2017/08/21/george-carlin-at-usc-1977-full-transcript/,George Carlin at USC ,George Carlin at USC ,1977.0
307,Jim Norton: Mouthful Of Shame (2017) Transcript,https://scrapsfromtheloft.com/2017/08/19/jim-norton-mouthful-shame-transcript/,Jim Norton,Jim Norton: Mouthful Of Shame ,2017.0
308,Michael Che Matters (2016) – Transcript,https://scrapsfromtheloft.com/2017/08/19/michael-che-matters-transcript/,Michael Che Matters ,Michael Che Matters ,2016.0
309,JOE ROGAN: TRIGGERED (2016) – Full Transcript,https://scrapsfromtheloft.com/2017/08/19/joe-rogan-triggered-2016-full-transcript/,JOE ROGAN,JOE ROGAN: TRIGGERED ,2016.0
310,Trevor Noah: Lost In Translation (2015) – Transcript,https://scrapsfromtheloft.com/2017/08/12/trevor-noah-lost-translation-2015-full-transcript/,Trevor Noah,Trevor Noah: Lost In Translation ,2015.0
311,MARIA BAMFORD: OLD BABY (2017) – FULL TRANSCRIPT,https://scrapsfromtheloft.com/2017/08/12/maria-bamford-old-baby-2017-full-transcript/,MARIA BAMFORD,MARIA BAMFORD: OLD BABY ,2017.0
312,Bo Burnham: What (2013) – Transcript,https://scrapsfromtheloft.com/2017/08/07/bo-burnham-what-transcript/,Bo Burnham,Bo Burnham: What ,2013.0
313,Bo Burnham: Make Happy (2016) – Transcript,https://scrapsfromtheloft.com/2017/08/06/bo-burnham-make-happy-2016-full-transcript/,Bo Burnham,Bo Burnham: Make Happy ,2016.0
314,ANTHONY JESELNIK: CALIGULA (2013) – Full Transcript,https://scrapsfromtheloft.com/2017/08/03/anthony-jeselnik-caligula-2013-full-transcript/,ANTHONY JESELNIK,ANTHONY JESELNIK: CALIGULA ,2013.0
315,Anthony Jeselnik: Thoughts And Prayers (2015) – Full Transcript,https://scrapsfromtheloft.com/2017/08/03/anthony-jeselnik-thoughts-prayers-2015-full-transcript/,Anthony Jeselnik,Anthony Jeselnik: Thoughts And Prayers ,2015.0
316,John Mulaney: The Comeback Kid (2015) – Transcript,https://scrapsfromtheloft.com/2017/08/02/john-mulaney-comeback-kid-2015-full-transcript/,John Mulaney,John Mulaney: The Comeback Kid ,2015.0
317,BILL HICKS: REVELATIONS (1993) – FULL TRANSCRIPT,https://scrapsfromtheloft.com/2017/08/01/bill-hicks-revelations-1993-full-transcript/,BILL HICKS,BILL HICKS: REVELATIONS ,1993.0
318,LEWIS BLACK: BLACK TO THE FUTURE (2016) – Full Transcript,https://scrapsfromtheloft.com/2017/08/01/lewis-black-black-future-2016-full-transcript/,LEWIS BLACK,LEWIS BLACK: BLACK TO THE FUTURE ,2016.0
319,DOUG STANHOPE: BEFORE TURNING THE GUN ON HIMSELF (2012) – Transcript,https://scrapsfromtheloft.com/2017/08/01/doug-stanhope-turning-gun-2012-transcript/,DOUG STANHOPE,DOUG STANHOPE: BEFORE TURNING THE GUN ON HIMSELF ,2012.0
320,DOUG STANHOPE: DEADBEAT HERO (2004) – Transcript,https://scrapsfromtheloft.com/2017/08/01/doug-stanhope-deadbeat-hero-2004-transcript/,DOUG STANHOPE,DOUG STANHOPE: DEADBEAT HERO ,2004.0
321,JIM JEFFERIES: CONTRABAND (2008) – Full Transcript,https://scrapsfromtheloft.com/2017/07/27/jim-jefferies-contraband-2008-full-transcript/,JIM JEFFERIES,JIM JEFFERIES: CONTRABAND ,2008.0
322,Mike Birbiglia: Thank God for Jokes (2017) – Transcript,https://scrapsfromtheloft.com/2017/07/26/mike-birbiglia-thank-god-jokes-2017-full-transcript/,Mike Birbiglia,Mike Birbiglia: Thank God for Jokes ,2017.0
323,SARAH SILVERMAN: A SPECK OF DUST (2017) – Full Transcript,https://scrapsfromtheloft.com/2017/07/26/sarah-silverman-a-speck-of-dust-2017/,SARAH SILVERMAN,SARAH SILVERMAN: A SPECK OF DUST ,2017.0
324,GEORGE CARLIN: PLAYING WITH YOUR HEAD (1986) – Full Transcript,https://scrapsfromtheloft.com/2017/07/13/george-carlin-playing-head-1986-full-transcript/,GEORGE CARLIN,GEORGE CARLIN: PLAYING WITH YOUR HEAD ,1986.0
325,GEORGE CARLIN: AGAIN!* (1978) – Full Transcript,https://scrapsfromtheloft.com/2017/07/11/george-carlin-1978-full-transcript/,GEORGE CARLIN,GEORGE CARLIN: AGAIN!* ,1978.0
326,LOUIS C.K.: CHEWED UP (2008) – Full Transcript,https://scrapsfromtheloft.com/2017/07/07/louis-c-k-chewed-2008-full-transcript/,LOUIS C.K.,LOUIS C.K.: CHEWED UP ,2008.0
327,MITCH HEDBERG: COMEDY CENTRAL SPECIAL (1999) – Full Transcript,https://scrapsfromtheloft.com/2017/07/06/mitch-hedberg-comedy-central-special1999-full-transcript/,MITCH HEDBERG,MITCH HEDBERG: COMEDY CENTRAL SPECIAL ,1999.0
328,Tom Segura: Completely Normal (2014) – Transcript,https://scrapsfromtheloft.com/2017/06/30/tom-segura-completely-normal-2014-full-transcript/,Tom Segura,Tom Segura: Completely Normal ,2014.0
329,GEORGE CARLIN: CARLIN ON CAMPUS (1984) – Full Transcript,https://scrapsfromtheloft.com/2017/06/29/george-carlin-carlin-campus-1984-full-transcript/,GEORGE CARLIN,GEORGE CARLIN: CARLIN ON CAMPUS ,1984.0
330,LOUIS C.K.: LIVE AT THE BEACON THEATRE (2011) – Full Transcript,https://scrapsfromtheloft.com/2017/06/28/louis-c-k-live-at-the-beacon-theatre-2011-full-transcript/,LOUIS C.K.,LOUIS C.K.: LIVE AT THE BEACON THEATRE ,2011.0
331,RICKY GERVAIS: OUT OF ENGLAND 2 (2010) – Full Transcript,https://scrapsfromtheloft.com/2017/06/23/ricky-gervais-england-2-2010-full-transcript/,RICKY GERVAIS,RICKY GERVAIS: OUT OF ENGLAND 2 ,2010.0
332,AMY SCHUMER: THE LEATHER SPECIAL (2017) – Full Transcript,https://scrapsfromtheloft.com/2017/06/20/amy-schumer-leather-special-2017-full-transcript/,AMY SCHUMER,AMY SCHUMER: THE LEATHER SPECIAL ,2017.0
333,JIM GAFFIGAN: CINCO (2017) – Full Transcript,https://scrapsfromtheloft.com/2017/06/12/jim-gaffigan-cinco-2017-full-transcript/,JIM GAFFIGAN,JIM GAFFIGAN: CINCO ,2017.0
334,JIM JEFFERIES: I SWEAR TO GOD (2009) – FULL TRANSCRIPT,https://scrapsfromtheloft.com/2017/06/06/jim-jefferies-i-swear-god-2009-full-transcript/,JIM JEFFERIES,JIM JEFFERIES: I SWEAR TO GOD ,2009.0
335,LOUIS C.K.: HILARIOUS (2010) – Full Transcript,https://scrapsfromtheloft.com/2017/06/01/louis-c-k-hilarious-2010-full-transcript/,LOUIS C.K.,LOUIS C.K.: HILARIOUS ,2010.0
336,LOUIS C.K.: SHAMELESS (2007) – Full Transcript,https://scrapsfromtheloft.com/2017/05/30/louis-c-k-shameless-2007-full-transcript/,LOUIS C.K.,LOUIS C.K.: SHAMELESS ,2007.0
337,BILL BURR: I’M SORRY YOU FEEL THAT WAY (2014) – Full Transcript,https://scrapsfromtheloft.com/2017/05/24/bill-burr-im-sorry-feel-way-2014-full-transcript/,BILL BURR,BILL BURR: I’M SORRY YOU FEEL THAT WAY ,2014.0
338,BILL BURR: YOU PEOPLE ARE ALL THE SAME (2012) – Full Transcript,https://scrapsfromtheloft.com/2017/05/24/bill-burr-people-2012-full-transcript/,BILL BURR,BILL BURR: YOU PEOPLE ARE ALL THE SAME ,2012.0
339,Dave Chappelle: For What It’s Worth (2004) – Transcript,https://scrapsfromtheloft.com/2017/05/19/dave-chappelle-worth-2004-full-transcript/,Dave Chappelle,Dave Chappelle: For What It’s Worth ,2004.0
340,Dave Chappelle: Killin’ Them Softly (2000) – Transcript,https://scrapsfromtheloft.com/2017/05/19/dave-chappelle-killin-softly-2000-full-transcript/,Dave Chappelle,Dave Chappelle: Killin’ Them Softly ,2000.0
341,Eddie Griffin: You Can Tell ‘Em I Said It! (2011) – Transcript,https://scrapsfromtheloft.com/2017/05/12/eddie-griffin-can-tell-em-i-said-transcript/,Eddie Griffin,Eddie Griffin: You Can Tell ,2011.0
342,BILL BURR: WALK YOUR WAY OUT (2017) – Full Transcript,https://scrapsfromtheloft.com/2017/05/10/bill-burr-walk-way-2017-full-transcript/,BILL BURR,BILL BURR: WALK YOUR WAY OUT ,2017.0
343,LOUIS C.K.: OH MY GOD (2013) – Full Transcript,https://scrapsfromtheloft.com/2017/05/06/louis-ck-oh-my-god-full-transcript/,LOUIS C.K.,LOUIS C.K.: OH MY GOD ,2013.0
344,LOUIS C.K.: LIVE AT  THE COMEDY STORE (2015) – Transcript,https://scrapsfromtheloft.com/2017/05/04/louis-c-k-live-at-the-comedy-store-2015-transcript/,LOUIS C.K.,LOUIS C.K.: LIVE AT  THE COMEDY STORE ,2015.0
345,BILL HICKS: RELENTLESS (1991) – Transcript,https://scrapsfromtheloft.com/2017/05/03/bill-hicks-relentless-1992-transcript/,BILL HICKS,BILL HICKS: RELENTLESS ,1991.0
346,Hasan Minhaj at 2017 White House Correspondents’ Dinner – Full Transcript,https://scrapsfromtheloft.com/2017/05/02/hasan-minhaj-white-house-correspondents-dinner-transcript/,Hasan Minhaj at 2017 White House Correspondents,Hasan Minhaj at 2017 White House Correspondents’ Dinner ,2017.0
347,Daniel Tosh: Happy Thoughts (2011) – Transcript,https://scrapsfromtheloft.com/2017/04/30/daniel-tosh-happy-thoughts-2011-transcript/,Daniel Tosh,Daniel Tosh: Happy Thoughts ,2011.0
348,Patrice O’Neal: Elephant in the Room (2011) – Transcript,https://scrapsfromtheloft.com/2017/04/28/patrice-oneal-elephant-in-the-room-2011-full-transcript/,Patrice O,Patrice O’Neal: Elephant in the Room ,2011.0
349,Katt Williams: Live (2006) – Transcript,https://scrapsfromtheloft.com/2017/04/27/katt-williams-live-2006-full-transcript/,Katt Williams,Katt Williams: Live ,2006.0
350,Richard Pryor: Live in Concert (1979) – Transcript,https://scrapsfromtheloft.com/2017/04/27/richard-pryor-live-concert-1979-full-transcript/,Richard Pryor,Richard Pryor: Live in Concert ,1979.0
351,RICHARD PRYOR: LIVE ON THE SUNSET STRIP (1982) – Full Transcript,https://scrapsfromtheloft.com/2017/04/26/richard-pryor-live-sunset-strip-1982-full-transcript/,RICHARD PRYOR,RICHARD PRYOR: LIVE ON THE SUNSET STRIP ,1982.0
352,George Carlin: Seven Words You Can Never Say on Television,https://scrapsfromtheloft.com/2017/04/26/george-carlin-seven-words-you-can-never-say-on-television/,George Carlin,George Carlin: Seven Words You Can Never Say on Television,
353,Trevor Noah: Afraid Of The Dark (2017) – Transcript,https://scrapsfromtheloft.com/2017/04/22/trevor-noah-afraid-dark-2017-full-transcript/,Trevor Noah,Trevor Noah: Afraid Of The Dark ,2017.0
354,JIM JEFFERIES: BARE (2014) – Full Transcript,https://scrapsfromtheloft.com/2017/04/21/jim-jefferies-bare-2014-full-transcript/,JIM JEFFERIES,JIM JEFFERIES: BARE ,2014.0
355,Dave Chappelle: Deep in the Heart of Texas (2017) – Transcript,https://scrapsfromtheloft.com/2017/04/20/dave-chappelle-deep-heart-texas-2017-full-transcript/,Dave Chappelle,Dave Chappelle: Deep in the Heart of Texas ,2017.0
356,Tom Segura: Mostly Stories (2016) – Transcript,https://scrapsfromtheloft.com/2017/04/19/tom-segura-mostly-stories-2016-full-transcript/,Tom Segura,Tom Segura: Mostly Stories ,2016.0
357,BILL BURR: LET IT GO (2010) – TRANSCRIPT,https://scrapsfromtheloft.com/2017/04/19/bill-burr-let-it-go-2010-full-transcript/,BILL BURR,BILL BURR: LET IT GO ,2010.0
358,GEORGE CARLIN: JAMMING IN NEW YORK (1992) – Testo italiano completo,https://scrapsfromtheloft.com/2017/04/12/george-carlin-jamming-new-york-testo-italiano-completo/,GEORGE CARLIN,GEORGE CARLIN: JAMMING IN NEW YORK ,1992.0
359,GEORGE CARLIN: YOU ARE ALL DISEASED (1999) – Testo italiano completo,https://scrapsfromtheloft.com/2017/04/12/george-carlin-diseased-1999-testo-italiano-completo/,GEORGE CARLIN,GEORGE CARLIN: YOU ARE ALL DISEASED ,1999.0
360,GEORGE CARLIN: IT’S BAD FOR YA! (2008) – Testo italiano completo,https://scrapsfromtheloft.com/2017/04/12/george-carlin-bad-2008-testo-italiano-completo/,GEORGE CARLIN,GEORGE CARLIN: IT’S BAD FOR YA! ,2008.0
361,JIM JEFFERIES: FREEDUMB (2016) – Full Transcript,https://scrapsfromtheloft.com/2017/04/11/jim-jefferies-freedumb-2016-full-transcript/,JIM JEFFERIES,JIM JEFFERIES: FREEDUMB ,2016.0
362,Eddie Murphy: Delirious (1983) – Transcript,https://scrapsfromtheloft.com/2017/04/11/eddie-murphy-delirious-full-transcript/,Eddie Murphy,Eddie Murphy: Delirious ,1983.0
363,Dave Chappelle: The Age of Spin (2017) – Transcript,https://scrapsfromtheloft.com/2017/04/11/dave-chappelle-age-spin-2017-full-transcript/,Dave Chappelle,Dave Chappelle: The Age of Spin ,2017.0
364,GEORGE CARLIN: BACK IN TOWN (1996) – Full transcript,https://scrapsfromtheloft.com/2017/04/10/george-carlin-back-town-1996-full-transcript/,GEORGE CARLIN,GEORGE CARLIN: BACK IN TOWN ,1996.0
365,Seth Meyers at the 2011 White House Correspondents’ Dinner – Full Transcript,https://scrapsfromtheloft.com/2017/04/09/seth-meyers-2011-white-house-correspondents-dinner-transcript/,Seth Meyers at the 2011 White House Correspondents,Seth Meyers at the 2011 White House Correspondents’ Dinner ,2011.0
366,LOUIS C.K.: 2017 – Full transcript,https://scrapsfromtheloft.com/2017/04/08/louis-c-k-2017-full-transcript/,LOUIS C.K.,LOUIS C.K.: 2017 ,2017.0
367,George Carlin: Jamming in New York (1992) – Full Transcript,https://scrapsfromtheloft.com/2017/04/06/george-carlin-jamming-new-york-1992-full-transcript/,George Carlin,George Carlin: Jamming in New York ,1992.0
368,GEORGE CARLIN: YOU ARE ALL DISEASED (1999) – FULL TRANSCRIPT,https://scrapsfromtheloft.com/2017/04/06/george-carlin-you-are-all-diseased-transcript/,GEORGE CARLIN,GEORGE CARLIN: YOU ARE ALL DISEASED ,1999.0
369,JIM JEFFERIES ON GUN CONTROL [FULL TRANSCRIPT],https://scrapsfromtheloft.com/2017/04/01/jim-jefferies-gun-control-full-transcript/,JIM JEFFERIES ON GUN CONTROL ,JIM JEFFERIES ON GUN CONTROL ,
370,Reggie Watts: Spatial (2016) – Full Transcript,https://scrapsfromtheloft.com/2017/03/30/reggie-watts-spatial-transcript/,Reggie Watts,Reggie Watts: Spatial ,2016.0
371,GEORGE CARLIN: COMPLAINTS AND GRIEVANCES (2001) – FULL TRANSCRIPT,https://scrapsfromtheloft.com/2017/03/29/george-carlin-complaints-grievances/,GEORGE CARLIN,GEORGE CARLIN: COMPLAINTS AND GRIEVANCES ,2001.0
372,GEORGE CARLIN: LIFE IS WORTH LOSING (2006) – Transcript,https://scrapsfromtheloft.com/2016/12/28/george-carlin-life-is-worth-losing-transcript/,GEORGE CARLIN,GEORGE CARLIN: LIFE IS WORTH LOSING ,2006.0
373,George Carlin: It’s Bad For Ya (2008) Full transcript,https://scrapsfromtheloft.com/2016/11/10/george-carlin-its-bad-for-ya/,George Carlin,George Carlin: It’s Bad For Ya ,2008.0
